Month,SMALL LoBM,ME1 BM2,SMALL HiBM,BIG LoBM,ME2 BM2,BIG HiBM
192607,1.3724,0.9081,-0.0695,5.7168,1.9642,1.4222
192608,0.6095,1.5075,5.3842,2.7154,2.6838,6.3154
192609,-2.6779,-0.1359,-0.4374,1.4287,0.0709,-0.7967
192610,-3.5365,-4.3572,-2.0112,-3.5898,-2.346,-4.097
192611,3.121,3.6608,2.0944,3.1292,2.8965,3.4614
192612,2.7364,1.8411,3.2639,2.9678,2.6067,2.395
192701,-1.0001,-0.3782,3.9316,-0.2621,0.0347,4.4635
192702,3.9022,6.3784,6.6192,5.0044,3.5568,8.6305
192703,-1.6,-0.9889,-3.1676,1.3025,0.2071,-2.4764
192704,-1.3184,0.8741,3.4796,3.051,-0.7634,-0.5452
192705,5.5482,3.3467,13.3256,5.4076,5.1017,7.4921
192706,-1.5484,1.304,-3.9474,-0.9628,-3.0156,-1.6326
192707,4.3331,5.2347,3.9846,9.2369,6.7429,7.2603
192708,2.3503,-2.2044,0.86,3.9191,1.2181,-1.9651
192709,2.3981,2.2316,0.399,5.3864,4.3919,5.9674
192710,-0.1633,-2.1458,-5.8357,-3.6349,-4.284,-6.6219
192711,10.4346,8.062,10.2275,7.056,6.7676,6.6346
192712,5.5505,2.6016,2.4506,2.4954,1.8547,3.4755
192801,3.2031,2.7804,3.5948,-0.4774,-0.3667,-2.3168
192802,-4.7913,-1.7203,-4.1271,-0.6762,-1.1395,-2.7296
192803,7.393,8.6229,9.457,12.28,6.1327,7.8254
192804,4.2158,10.6845,9.9723,2.9145,6,4.4979
192805,7.5326,1.954,2.574,2.6065,-0.1128,0.6388
192806,-8.5131,-8.3044,-6.8294,-3.6094,-4.1224,-5.4164
192807,-0.4048,-0.4017,-0.8867,1.359,0.1098,0.9017
192808,6.124,5.0517,3.699,8.7368,5.3867,6.9468
192809,5.7317,4.4538,6.1762,3.4108,1.9153,4.4896
192810,6.8299,3.1244,1.6621,1.359,1.4325,2.0067
192811,8.6705,11.1936,12.2831,11.1602,13.2781,13.1497
192812,0.9055,-0.5953,-0.6462,0.9332,-0.0008,1.2917
192901,-0.034,1.9379,1.448,6.5262,4.8373,2.6307
192902,0.7414,1.1014,0.382,-0.5791,0.8306,3.1476
192903,-5.9533,-3.4602,-4.1597,-1.3835,2.2098,-0.0642
192904,-0.0822,2.7549,0.5136,2.2172,1.1145,2.8362
192905,-10.2009,-9.3603,-12.8907,-5.7297,-4.1622,-6.1709
192906,6.9673,9.4356,6.4064,12.4593,9.35,7.5052
192907,-0.0681,-0.7029,3.8633,3.5656,6.2018,4.9529
192908,-0.8885,-0.4641,-0.4544,7.272,12.543,6.9497
192909,-4.2569,-4.3105,-3.6218,-4.4211,-4.9685,-6.3175
192910,-21.7261,-19.3351,-19.8329,-24.1865,-14.0943,-10.3723
192911,-16.4096,-9.8425,-12.3366,-14.2535,-10.9314,-7.6677
192912,-2.7511,-2.7249,-1.8488,3.3988,0.5515,1.317
193001,6.2347,9.4395,8.4631,7.1735,3.3113,2.9221
193002,1.3502,1.2075,4.3779,3.4639,1.8818,1.2221
193003,9.0009,11.0661,10.7647,6.816,8.3348,5.3573
193004,-6.0956,-1.7406,-3.4814,-2.361,-1.7939,-6.6523
193005,-3.7611,-2.3132,-2.9578,0.7061,-2.2643,-1.365
193006,-16.933,-16.6497,-18.9287,-17.849,-13.1565,-11.8439
193007,6.5208,3.728,2.5406,4.4017,4.2198,5.2644
193008,-3.7646,-1.6135,-2.5073,1.1969,-0.8,-1.6232
193009,-13.6823,-14.6721,-19.1619,-12.0325,-11.7394,-17.0858
193010,-10.1007,-7.6801,-10.7443,-9.4278,-7.3264,-11.4835
193011,0.2234,-2.7838,-2.6023,-2.3616,-2.8339,-6.6002
193012,-10.4236,-11.0266,-17.2866,-5.8057,-9.1776,-9.7245
193101,9.9121,11.3602,15.4627,4.717,6.9823,13.5911
193102,13.2032,11.6577,17.09,12.8706,6.7357,12.1756
193103,-4.344,-2.9204,-6.9601,-4.1971,-10.3577,-8.8826
193104,-12.8949,-14.0212,-18.2229,-8.8412,-11.107,-11.349
193105,-9.6709,-8.7006,-13.844,-11.3932,-15.9343,-20.363
193106,10.1262,7.7295,20.3174,12.8509,16.1956,25.2657
193107,-8.5867,-8.9411,-5.7363,-5.1668,-10.1775,-12.2143
193108,-1.6114,-1.1797,-3.7504,0.8986,-1.5948,0.0531
193109,-26.5722,-30.0521,-33.8286,-28.8671,-28.1493,-35.1131
193110,4.2319,9.2071,5.4593,9.5401,3.2588,11.7214
193111,-7.7335,-7.2915,-9.3902,-6.1288,-16.6307,-14.5665
193112,-13.7987,-16.5088,-22.4192,-11.5667,-18.8221,-20.6686
193201,2.4924,3.9264,10.5116,-3.4347,1.9132,6.6353
193202,-2.4754,1.9822,1.3833,7.1142,1.7366,0.3507
193203,-10.5259,-12.1366,-10.6244,-10.2031,-15.1403,-14.746
193204,-19.3072,-17.1449,-16.043,-18.1275,-20.1476,-18.5418
193205,-17.1387,-24.84,-17.4741,-19.2184,-25.9531,-25.436
193206,0.954,6.2481,1.0364,-1.711,0.0545,8.8476
193207,31.9086,36.1125,63.2475,28.1955,48.6209,67.7847
193208,48.7266,55.3725,83.5754,31.3211,50.9661,62.5277
193209,-2.8054,-4.5841,-12.4737,-1.0366,-6.5149,-5.0087
193210,-16.2535,-19.645,-23.8672,-10.7514,-17.5126,-23.2272
193211,-0.2972,-8.2786,-13.2053,-2.7223,-8.9288,-16.3816
193212,-5.1581,-4.2529,-11.0792,6.8503,1.0438,-3.5633
193301,4.3896,1.3914,8.0722,-0.012,3.0297,8.7685
193302,-17.8468,-18.4137,-20.8881,-14.9493,-16.5816,-17.3738
193303,7.079,6.1577,16.0332,0.9569,9.8608,6.7577
193304,45.4453,54.8024,56.561,33.739,51.8933,57.4905
193305,59.9378,62.1965,73.3394,16.9717,26.7781,41.626
193306,32.9373,23.3035,18.5882,11.3683,15.5089,21.9496
193307,-14.1385,-12.7712,-7.2418,-8.8583,-13.0573,-9.2208
193308,10.5585,10.1102,8.2144,10.5958,15.7784,18.8615
193309,-7.6121,-13.3352,-20.9042,-9.1454,-12.3603,-19.3866
193310,-8.4949,-12.42,-13.8362,-6.1614,-10.5922,-17.7448
193311,4.4492,4.6618,6.1086,9.69,12.2772,12.6924
193312,4.7702,4.0567,0.4565,2.1093,1.8286,3.3536
193401,21.5203,28.5643,38.3403,9.8669,16.8246,24.1368
193402,-0.2935,1.1796,5.3723,-2.3815,-3.1241,-3.81
193403,4.7722,2.0674,-0.0727,-0.0029,-0.1362,-0.62
193404,2.8356,-1.317,-1.8303,-1.778,-2.3152,-4.616
193405,-7.3381,-9.8907,-12.0504,-6.4033,-8.5879,-13.5106
193406,3.7672,0.0811,-2.31,2.628,2.4811,2.8615
193407,-18.0226,-21.5042,-24.476,-8.311,-11.7051,-23.179
193408,10.9235,9.4125,12.223,6.0718,4.4464,5.7691
193409,-0.9255,-0.5806,-3.5672,-0.2597,-0.1487,-0.105
193410,-0.925,-1.638,-4.1937,-0.4115,-2.708,-7.369
193411,17.4218,15.4433,12.5284,10.2402,5.0137,10.6573
193412,4.9409,1.7554,1.5981,0.7507,0.5333,-2.2372
193501,-5.5523,-3.3988,-3.0325,-3.0099,-2.8838,-9.3128
193502,-3.5225,-4.8589,-5.878,-0.8581,-1.6838,-12.9875
193503,-5.9234,-7.4692,-11.2668,-2.9715,-3.3289,-7.7499
193504,6.7174,9.3484,10.2238,8.0311,9.8871,13.0598
193505,-2.6657,2.3317,1.7345,3.137,4.339,3.957
193506,5.8129,5.9262,0.8071,6.3821,5.6136,8.0813
193507,9.1528,12.9358,12.7537,6.9882,6.3196,17.1148
193508,4.2227,8.6796,14.4462,2.5694,2.2001,3.7475
193509,5.0917,5.5331,0.5575,4.6757,0.6768,1.1198
193510,10.9064,10.8504,6.8068,6.6016,7.9769,6.0328
193511,6.6969,10.4475,18.9743,3.0389,5.6087,14.5739
193512,5.7713,10.1556,2.2152,2.9835,5.8064,8.6858
193601,10.3194,7.6727,22.3771,3.2881,9.5299,12.2406
193602,1.901,6.5601,6.7824,1.9137,2.806,7.1039
193603,0.5096,2.338,0.8324,2.6378,0.0632,-1.0088
193604,-14.3931,-13.9743,-15.464,-7.1563,-8.3505,-10.2494
193605,4.9011,5.5856,8.6767,5.0578,5.1107,6.5508
193606,-2.208,-0.2588,-1.2498,3.6325,2.1402,0.2676
193607,10.6321,7.6218,9.4742,5.919,6.1995,12.2012
193608,0.6464,2.2704,4.615,0.2916,0.7816,4.3069
193609,2.2261,4.9643,4.4676,0.9227,1.0988,0.4333
193610,3.7136,6.4885,6.5107,6.4225,8.7962,8.6599
193611,10.8717,9.0679,13.0248,3.3927,3.1473,-0.5944
193612,2.0356,3.414,7.0026,-1.8345,2.3561,1.1085
193701,7.178,7.3432,9.716,3.6451,1.3462,6.3247
193702,3.2757,1.6855,6.2355,-0.2192,0.8159,6.9216
193703,-3.0069,-0.057,1.8986,-1.7373,-0.2096,6.1275
193704,-10.089,-11.5677,-13.3505,-6.8235,-6.1092,-10.7778
193705,-0.3362,-0.9886,-4.1008,0.2432,-0.7186,-2.9798
193706,-7.2192,-7.7152,-10.3393,-4.1579,-2.7006,-7.4626
193707,10.9193,8.9913,10.7833,9.2027,7.9646,10.9736
193708,-4.641,-5.0783,-5.5789,-4.21,-4.5854,-7.7724
193709,-20.8237,-20.8254,-23.052,-12.3496,-12.4049,-19.2657
193710,-10.7815,-10.2588,-9.7797,-10.1749,-7.5754,-14.4157
193711,-11.5268,-12.2952,-11.7113,-8.7393,-7.6937,-8.1625
193712,-14.1157,-10.5934,-12.2906,-4.1175,-2.8726,-6.7316
193801,4.9809,6.5079,3.7399,1.3091,-0.3348,-0.6467
193802,8.4291,5.6035,4.7735,6.3853,5.3825,5.995
193803,-29.9158,-28.9745,-30.1419,-23.5181,-22.4597,-30.3243
193804,22.0838,20.7285,20.397,13.8077,14.4371,15.8488
193805,-7.4715,-7.6475,-5.5424,-3.5564,-3.6497,-6.0495
193806,31.2478,30.0194,27.5574,25.7265,20.9273,30.0253
193807,13.4374,14.4896,15.3633,6.7918,7.3085,9.2224
193808,-4.5933,-5.1113,-9.2856,-0.432,-6.067,-5.1808
193809,-1.8834,-2.5023,-2.7862,1.36,0.6107,-0.971
193810,14.1329,14.7573,16.9041,6.9259,7.2132,14.1797
193811,-5.1969,-2.6663,-5.9225,-1.1168,-2.1445,-2.8592
193812,6.0349,3.7143,1.5522,3.3787,4.4694,8.8637
193901,-8.0596,-8.9052,-10.1457,-5.2583,-6.1505,-11.0166
193902,3.9273,5.0675,6.2899,3.3494,3.1479,6.8947
193903,-17.7969,-18.4864,-22.8516,-9.8437,-13.6458,-21.3665
193904,-0.4922,0.1285,1.9743,-0.1355,-0.0485,-3.1968
193905,11.2969,9.0561,9.8655,6.8972,5.6072,9.2768
193906,-6.8167,-7.9144,-10.6753,-4.4207,-6.5532,-11.3783
193907,16.1292,16.6985,13.6444,11.3137,8.4488,13.7364
193908,-12.3681,-11.9915,-12.61,-6.309,-5.9193,-10.9033
193909,37.6978,39.2998,54.9528,13.5797,16.9053,40.771
193910,0.4561,-0.5783,-5.0048,0.028,-0.8229,-4.2992
193911,-7.8325,-9.3925,-13.814,-2.6176,-3.6667,-9.5542
193912,5.9303,3.0379,0.3533,3.5574,2.3632,1.0169
194001,-4.1988,-2.1344,-2.7571,-2.1568,-2.4994,-5.1435
194002,4.0588,4.3883,3.1703,1.2492,1.345,1.489
194003,4.6939,2.8608,2.2719,2.3725,1.4575,2.2556
194004,4.7401,3.1906,4.0938,-0.1263,0.1167,0.2697
194005,-27.7724,-27.44,-32.4414,-22.0718,-20.8034,-24.7879
194006,4.4242,5.0042,7.9865,4.9455,8.2385,10.6339
194007,4.717,4.7178,3.3227,3.3873,3.0418,3.299
194008,2.0524,3.1824,1.8886,2.1928,1.7831,3.4847
194009,5.3698,4.5125,5.2039,3.1522,1.21,1.0582
194010,4.2145,5.6715,6.2944,0.8953,6.3562,8.0971
194011,1.1473,0.5385,0.1738,-1.9212,-1.3367,-0.7062
194012,-0.8918,-1.4655,-2.2785,0.5934,1.017,0.1971
194101,-4.4429,-2.6498,-0.3066,-5.0365,-3.8489,-1.5198
194102,-3.4695,-1.8055,-2.8879,-1.5847,-1.4892,-0.389
194103,0.5236,1.13,3.7745,0.5444,1.212,3.378
194104,-7.5563,-5.4015,-5.2001,-6.497,-4.5637,-2.035
194105,1.7628,0.667,1.5458,0.9481,2.6345,2.3634
194106,4.1184,6.1938,8.46,6.1753,5.6174,3.0109
194107,10.4387,10.1575,18.5406,3.7262,8.1838,10.1236
194108,-1.1591,-2.1235,-0.3954,0.6862,-0.8566,-2.2697
194109,-3.0405,-1.8377,-1.9489,-0.0105,-2.1937,-1.6652
194110,-5.8203,-6.269,-6.0101,-6.0976,-3.2927,-2.6528
194111,-1.0629,-4.1846,-2.921,-2.2704,-0.5645,-1.6913
194112,-5.4399,-8.4826,-12.6548,-4.6824,-3.5964,-9.3443
194201,6.7111,10.7165,14.4866,-1.7916,0.505,10.6422
194202,0.5247,-1.103,-1.7045,-2.3068,-2.7966,-2.3449
194203,-4.7636,-3.6606,-5.7196,-5.83,-7.5457,-6.1045
194204,-6.1855,-3.8173,-3.7407,-4.5876,-4.4955,-2.8527
194205,0.1524,2.0704,1.65,7.4477,4.9379,0.6445
194206,1.0092,1.4019,2.3613,3.0527,2.6059,2.7837
194207,5.168,3.7718,5.1232,2.6864,4.3154,7.5371
194208,2.2429,2.586,2.4943,1.7161,1.7422,4.1208
194209,2.1868,2.8551,5.9863,2.6162,2.8245,3.6029
194210,8.291,7.9106,14.4969,5.3109,7.8747,12.0528
194211,-1.0955,-2.4747,-4.0858,1.0982,0.2502,-4.3893
194212,2.6024,4.0841,2.6297,4.8847,5.9162,5.9799
194301,11.6914,13.9214,23.8088,5.3474,8.0235,9.6978
194302,10.8494,9.1945,17.482,4.8117,7.0044,11.1942
194303,10.9334,11.5343,14.9621,4.1328,7.138,11.0704
194304,-0.9484,2.6106,8.1616,-0.104,1.2483,2.5081
194305,8.8391,8.9676,13.2925,5.0198,5.7231,7.127
194306,-0.2795,0.8217,0.4097,2.1659,1.9685,-0.0012
194307,-5.1729,-6.7858,-9.086,-4.762,-3.6714,-5.3886
194308,0.3627,0.0733,0.7239,1.5011,1.3117,0.2062
194309,2.9273,3.0298,5.415,2.2046,2.7272,2.5854
194310,-0.6849,-0.3355,0.7697,-1.4472,-0.9474,0.3918
194311,-7.0489,-7.9578,-10.5793,-4.7611,-6.5838,-9.3114
194312,7.2026,10.6109,12.0572,5.6748,6.9257,7.259
194401,5.0183,4.6781,5.2901,0.818,1.6184,4.8802
194402,1.3611,0.9548,0.6569,0.0507,0.7854,2.4248
194403,1.9835,3.7072,7.6297,2.2076,2.5617,3.4133
194404,-1.9626,-2.8671,-4.0621,-1.3972,-1.8771,-1.5629
194405,5.8169,7.2671,7.0046,4.6061,5.0192,5.465
194406,9.3452,9.7095,10.5417,4.9431,5.1501,7.3842
194407,0.1974,-1.0199,-1.4868,-1.6579,-1.4787,-0.8375
194408,4.9453,4.1492,1.8964,1.3605,1.2556,1.146
194409,1.5739,-0.0764,-0.2658,0.3319,-0.2562,-0.2435
194410,0.1925,0.5534,-0.4692,-0.0654,0.8407,-0.0829
194411,1.0753,2.9197,3.6861,1.1612,2.2483,3.1649
194412,5.9661,6.8664,10.587,2.4976,4.5123,9.6992
194501,5.3378,5.0768,4.108,0.7604,3.039,3.4172
194502,6.5845,8.8305,10.5414,5.1483,6.1444,9.9868
194503,-4.3743,-6.3271,-6.4097,-3.1965,-4.3701,-4.7147
194504,7.5978,9.0869,9.9162,6.7601,8.0276,10.8652
194505,2.7782,2.1567,4.0593,2.0098,1.0423,1.4259
194506,2.9165,2.5527,6.8414,-1.2111,0.7163,3.4995
194507,-3.1033,-3.5458,-5.4558,-1.4266,-1.8157,-4.4955
194508,7.7684,7.8428,4.8892,8.5886,4.3999,2.6718
194509,6.6474,6.7318,6.4407,4.5548,4.3974,5.7272
194510,6.0725,6.7019,7.4502,2.3629,4.9911,5.4804
194511,9.3211,9.7416,11.4999,2.8819,5.8159,9.3753
194512,4.053,3.1126,1.6395,1.7707,1.141,-0.4562
194601,9.6675,8.8766,12.3615,6.0984,4.9235,7.8274
194602,-6.2438,-6.8294,-7.2913,-5.8802,-4.9458,-7.3631
194603,6.5074,5.9349,5.8051,5.1627,7.019,5.1451
194604,4.3802,7.9286,6.3856,3.7606,5.16,2.6517
194605,6.7336,5.0297,5.7605,3.1851,3.6102,6.3451
194606,-4.5703,-5.2031,-5.9975,-4.4139,-2.6157,-4.1636
194607,-4.8021,-3.8418,-5.0475,-2.7312,-2.3686,-2.3991
194608,-8.4903,-8.2229,-7.3701,-6.3175,-6.1952,-6.2326
194609,-13.9626,-13.4864,-15.8473,-9.8007,-8.4219,-11.8313
194610,-3.1863,-1.0714,0.7462,-2.487,-1.7639,0.4636
194611,-1.5734,-0.6742,1.4102,-0.2213,0.7452,-0.1651
194612,5.7147,4.6134,4.2871,5.295,5.1954,3.9577
194701,4.5119,2.4272,3.25,2.1808,-0.5027,1.9774
194702,-1.2774,-0.6043,0.8617,0.0696,-1.335,-1.78
194703,-3.3525,-3.4273,-2.3881,-1.7956,-1.0035,-1.5387
194704,-9.3469,-7.9219,-8.1055,-5.1369,-3.6659,-4.6734
194705,-5.2184,-3.9661,-3.5986,-1.1266,0.1874,-2.0744
194706,4.2906,5.3287,5.0072,6.4552,4.5626,4.5303
194707,5.2344,6.3337,7.0612,3.5118,3.4853,7.3342
194708,-1.8585,-1.5408,-1.2065,-1.8587,-1.456,-2.1997
194709,0.4098,0.3595,2.6319,-0.6744,-0.6558,-0.1814
194710,3.5397,3.3029,2.9234,2.2304,2.9955,3.0043
194711,-4.4555,-3.4527,-2.6395,-2.0816,-1.4791,-1.7796
194712,0.1759,1.3771,3.0234,2.0173,3.4628,6.5408
194801,-1.7489,-2.4805,-0.1999,-4.539,-4.0364,-3.336
194802,-5.9905,-6.3838,-5.7986,-4.6491,-3.6881,-4.6973
194803,6.4133,8.3056,12.2128,7.8154,7.7196,11.0026
194804,1.2935,2.8029,4.6743,2.2742,4.3656,7.0963
194805,9.3433,8.7069,7.5463,8.505,6.4626,7.8323
194806,-2.8594,-1.6291,0.3235,-0.6228,0.3282,1.7011
194807,-4.9617,-5.199,-5.4746,-5.0109,-5.31,-4.3526
194808,-1.1762,-0.5161,-0.3462,0.877,-0.2112,0.5907
194809,-2.9256,-4.1617,-5.5034,-2.7272,-2.4449,-3.726
194810,4.0923,4.5769,5.3778,6.4318,5.848,6.2724
194811,-9.7016,-9.6855,-12.9406,-8.3439,-8.7315,-13.3862
194812,1.4144,-0.002,0.1689,4.9312,2.7612,2.2947
194901,1.4055,1.8478,2.9763,0.5644,-1.0823,1.3304
194902,-5.3414,-3.9655,-5.6091,-2.4792,-2.7256,-4.0374
194903,6.3287,5.6055,8.1847,4.2292,3.4034,5.0451
194904,-1.5605,-3.0823,-3.373,-2.076,-0.6601,-2.6169
194905,-3.7284,-3.7213,-5.1127,-1.8599,-3.0887,-5.3144
194906,-1.1659,-1.4535,-1.127,1.1072,0.2508,-2.4522
194907,6.529,7.2103,5.7449,5.2494,5.7478,6.7915
194908,3.2548,3.5448,1.9586,2.7137,2.7811,2.862
194909,5.4113,4.1798,4.1709,2.6493,3.6207,4.3525
194910,5.0893,3.4831,4.0997,3.2624,3.0556,3.2734
194911,0.5242,1.0058,0.2095,2.9284,0.1852,1.4257
194912,6.9616,6.5348,8.802,5.3306,3.7726,6.9904
195001,7.2511,4.6563,4.6919,0.8585,1.965,3.6955
195002,1.6732,1.9791,0.5671,1.5803,1.4615,1.0693
195003,2.44,-1.1095,-1.9436,1.9199,0.9328,0.773
195004,5.7935,5.359,7.5034,4.3512,3.0117,5.3266
195005,1.6064,2.7917,3.029,4.6373,5.0171,4.125
195006,-7.0224,-7.861,-9.0471,-5.4526,-6.3491,-4.9919
195007,0.7491,3.3806,11.5039,-3.4686,4.4656,13.1049
195008,4.3762,5.5535,5.0765,6.0983,4.1287,2.5766
195009,5.9972,4.903,4.9761,5.7662,3.8296,4.5636
195010,-0.4563,-0.2294,0.2589,-0.1731,-0.4988,1.9896
195011,0.4057,2.1228,4.9531,2.4005,3.4012,4.2022
195012,5.2259,7.3714,12.4531,3.3438,6.644,10.5826
195101,6.7204,7.0302,10.6668,5.1644,5.4079,8.666
195102,1.6335,1.321,-0.1712,2.2461,1.8718,-1.6099
195103,-1.4182,-3.2662,-5.6058,-0.7151,-2.6881,-4.9732
195104,2.2415,3.7348,6.4365,4.4184,5.6719,6.7777
195105,-1.8424,-2.5864,-3.2891,-2.3381,-1.8128,-3.5496
195106,-3.9063,-4.7824,-7.222,-2.1935,-1.0689,-6.7884
195107,5.3968,5.0818,6.7219,6.7092,7.0462,9.4123
195108,6.0032,5.3969,5.0122,4.2254,4.314,4.8953
195109,2.4131,2.8739,2.8222,0.5824,0.4419,1.3859
195110,-2.0973,-1.6187,-3.3221,-3.7961,-0.5023,-2.0648
195111,0.4606,0.4555,0.4007,0.7793,0.6769,0.7349
195112,1.1372,0.9709,0.6425,4.2594,3.5966,1.6318
195201,1.677,1.7973,1.4141,0.4221,2.537,3.76
195202,-2.075,-1.9713,-2.0061,-2.1727,-2.7975,-3.4548
195203,1.2718,2.2724,3.3251,4.3715,4.8318,6.6406
195204,-4.7336,-4.833,-4.079,-4.6523,-4.9291,-5.5111
195205,2.2358,2.0772,2.7274,3.7866,2.8403,3.4469
195206,1.6752,2.8792,3.3712,3.9014,4.1851,4.6737
195207,0.9861,1.5705,-0.1674,1.2227,0.6861,1.6737
195208,0.0584,0.9596,0.298,-0.7849,-0.4804,-0.9621
195209,0.2123,-0.8012,-2.113,-1.7031,-2.0601,-2.4003
195210,-0.7348,-1.5835,-1.9727,-0.751,0.0366,-0.4033
195211,5.5491,5.5213,6.0587,6.271,5.3358,7.656
195212,1.9131,1.8031,1.7229,3.1414,3.0318,3.6987
195301,3.7496,3.5242,3.9189,-0.9142,-0.18,1.5516
195302,1.3326,2.2121,1.7526,-0.2182,-0.1445,-0.7977
195303,-1.7215,-1.6985,-1.9871,-1.2095,-1.0692,-2.5482
195304,-3.0729,-2.3131,-1.1289,-2.9715,-2.5496,-1.8486
195305,0.7245,0.8933,0.7138,0.8911,0.2869,1.3568
195306,-3.1827,-3.3052,-3.9909,-1.704,-1.3419,-1.8403
195307,0.8453,1.5192,1.467,2.9808,2.1198,1.8822
195308,-3.2235,-5.2969,-6.2762,-3.9736,-3.9032,-7.9956
195309,0.0232,-0.8461,-2.2737,0.9017,0.1896,-1.6494
195310,3.1405,3.6649,3.1679,5.0809,4.3285,4.6761
195311,1.5491,2.1501,1.2769,3.3482,2.2335,3.2742
195312,0.2669,-1.2682,-2.7399,0.524,0.3828,-2.1409
195401,4.6432,6.6199,8.2448,4.464,5.7804,7.8823
195402,1.1241,1.4999,1.4449,1.652,2.1558,0.7654
195403,2.6496,3.1207,2.253,4.2435,3.521,1.7181
195404,-0.2621,2.2954,0.2924,5.3046,3.4583,4.0025
195405,3.9459,4.243,5.089,2.8609,2.6157,6.6409
195406,0.6134,1.8005,1.3882,1.8437,-0.2779,1.0149
195407,5.6218,6.8841,9.1482,4.2998,5.1373,8.9941
195408,-0.1856,0.1527,-0.8939,-2.988,-0.9406,-4.9917
195409,2.9651,4.6427,4.6903,6.864,6.5975,6.4643
195410,0.5176,-0.9766,-0.7021,-2.3168,-0.9434,0.3434
195411,7.152,8.9393,9.6041,9.5331,8.228,15.7986
195412,7.4322,9.4969,11.4013,4.2878,5.8641,11.744
195501,1.5391,1.2475,2.3863,0.0436,0.8255,3.5499
195502,3.7655,5.468,4.6434,3.0406,2.8022,3.4022
195503,-0.6883,-0.31,0.6912,-0.3103,-0.2239,2.2127
195504,1.3409,1.1755,2.6318,4.0984,1.9877,4.4324
195505,0.4377,0.5432,0.4034,1.8837,0.1816,0.1997
195506,2.0458,3.3877,3.5417,6.4912,7.5837,8.8422
195507,-1.6321,1.0639,1.2886,2.0484,2.3535,0.396
195508,-0.0701,0.6073,0.2604,0.6158,-0.1256,1.4474
195509,-0.7222,-0.4771,-0.3494,0.2022,-0.3596,-2.299
195510,-1.4384,-0.7646,-1.2878,-3.0771,-1.6215,-3.2838
195511,5.9972,4.8247,5.2592,7.9765,5.7665,9.7196
195512,3.4725,2.283,2.5679,1.8819,1.8956,-1.7027
195601,-2.3277,-2.057,-1.7159,-3.9857,-1.0901,-2.3554
195602,1.9377,3.7928,2.3765,4.9675,2.8024,3.46
195603,3.4322,3.797,5.1193,7.1708,7.2269,5.1985
195604,1.2824,0.8747,0.0813,-0.0305,1.2484,0.8141
195605,-3.398,-4.086,-4.5033,-5.0792,-4.7875,-6.625
195606,1.0128,2.5388,1.3061,4.6805,2.8127,1.7512
195607,3.3192,3.445,3.4709,5.0813,5.2899,4.907
195608,-0.2772,-0.8966,-2.1225,-3.535,-2.3342,-3.1159
195609,-3.4053,-3.0209,-2.1173,-5.9615,-3.5961,-3.6791
195610,1.2018,0.9185,0.4126,0.6794,0.775,1.3387
195611,-0.3204,0.166,2.2384,-0.3947,2.5395,0.5981
195612,4.2833,2.0989,2.2215,3.8074,3.2364,1.6631
195701,-0.7459,0.0749,2.0432,-4.4566,-2.6707,-1.6917
195702,-2.8169,-3.2279,-2.7239,-1.5292,-2.0047,-3.089
195703,2.2172,2.5911,2.2743,2.7155,1.8354,1.7155
195704,2.2968,2.296,2.2443,5.6045,3.4147,2.63
195705,2.9271,1.298,1.7322,4.7486,2.5697,1.8409
195706,0.1116,-1.2432,0.7449,-0.111,-1.2001,-0.7262
195707,-0.5345,0.7319,0.4256,1.2803,0.5342,1.0881
195708,-4.9039,-4.4153,-5.1912,-5.4517,-3.1891,-6.063
195709,-7.0771,-4.9302,-5.0458,-6.325,-4.3555,-6.6024
195710,-8.1138,-5.6345,-8.2617,-3.7728,-3.4032,-7.2883
195711,3.2323,1.4361,1.0946,3.0982,2.0285,-0.559
195712,-4.4673,-4.6599,-5.8678,-3.9186,-2.3392,-5.9393
195801,12.184,10.4901,11.9178,3.3988,5.9843,12.1209
195802,-1.6409,-0.4997,-0.5017,-1.8004,-0.5695,-2.3851
195803,4.9512,3.825,3.1135,3.4069,3.1886,3.3993
195804,3.294,1.6605,4.3224,3.3302,2.4877,5.2255
195805,6.5413,4.2205,4.2645,2.0659,2.6022,3.6454
195806,1.9492,3.2632,2.991,3.1437,2.6668,3.1105
195807,4.2225,6.1285,7.1023,4.3871,3.9134,7.754
195808,4.3607,3.0804,3.163,1.708,1.8455,3.4895
195809,5.5095,4.2658,7.9695,4.757,4.3192,8.2199
195810,6.9533,2.7921,3.0842,2.6262,2.6727,4.1313
195811,7.6838,4.2526,4.0505,3.3542,2.0619,4.4024
195812,2.7553,3.2521,3.6679,4.9756,6.9411,3.9724
195901,4.4697,5.1334,5.6771,-0.6158,2.7092,4.138
195902,2.4168,3.6714,2.7746,0.5272,1.581,2.2787
195903,1.609,1.6707,1.7135,0.7203,-0.0773,-0.0928
195904,3.791,3.459,2.1625,4.7349,2.5128,3.9197
195905,-1.3958,0.475,1.425,2.7259,0.5962,3.6467
195906,1.7254,0.5485,1.8798,-0.3719,0.3356,2.1421
195907,2.1228,2.8442,3.5502,3.9908,2.3925,3.0828
195908,-1.898,-1.2025,-1.9806,-1.3549,-1.0047,-0.3839
195909,-5.4083,-4.5039,-3.9712,-5.0254,-3.2634,-5.3237
195910,3.897,2.6068,1.1057,1.4464,1.7512,0.1319
195911,3.8864,2.0348,0.5301,3.0126,-0.102,-0.1725
195912,3.34,2.4239,2.0885,2.9781,2.5116,4.16
196001,-5.7876,-3.1988,-2.9368,-8.2071,-4.3931,-5.5931
196002,2.0772,1.453,0.5015,1.3139,2.2903,-1.0929
196003,-2.3385,-2.4016,-3.8293,-0.8789,-1.0768,-5.0967
196004,0.0545,-2.1162,-2.9614,-1.5721,-1.3525,-3.0143
196005,5.3034,1.8239,2.373,4.31,1.8242,-0.2716
196006,2.3479,2.6483,1.432,2.5669,1.7271,2.7993
196007,-3.3576,-1.8516,-1.4532,-3.4769,-0.2827,-1.329
196008,4.1524,3.5214,4.2069,2.7378,4.1493,2.3076
196009,-7.7131,-5.8637,-6.0948,-6.7352,-4.3666,-5.1993
196010,-6.4399,-2.4069,-2.7766,-0.614,-0.0299,0.9197
196011,6.4668,4.9679,3.0027,5.4248,3.9959,3.9824
196012,4.1297,3.4469,2.3983,3.5644,7.3778,3.7117
196101,7.3291,7.7799,9.601,4.9162,7.7785,10.0509
196102,7.9574,6.299,7.3937,4.0441,2.5629,3.1311
196103,7.346,4.7572,5.9239,2.1715,4.0899,2.0627
196104,1.0398,0.3916,2.2898,-0.3161,1.1197,2.5359
196105,3.4933,4.977,4.8474,3.1987,1.4801,2.7989
196106,-5.8184,-4.5557,-5.5077,-2.2745,-3.2166,-2.9471
196107,-0.4489,1.276,1.2938,3.1405,3.5206,1.1069
196108,0.615,0.3541,1.1057,3.2099,1.9727,2.3178
196109,-4.9207,-3.2158,-3.232,-1.1528,-3.0371,-3.7848
196110,-0.092,3.2783,0.2674,2.3052,3.8965,3.1343
196111,5.8762,5.7358,4.7471,4.8703,4.1533,4.2425
196112,-2.0386,0.2175,0.3744,-0.21,0.3344,1.7876
196201,-2.3941,-0.8199,2.2124,-5.0026,-1.927,0.3601
196202,0.6324,0.7386,1.7911,1.8725,2.3489,2.4867
196203,-0.4472,-1.0645,-0.6306,-0.3525,-0.2942,-2.1742
196204,-7.2236,-7.3268,-6.7763,-6.6304,-5.615,-6.1186
196205,-11.3316,-10.303,-9.5466,-9.0856,-6.8216,-6.2218
196206,-10.289,-7.5197,-7.0701,-9.0088,-6.944,-6.6481
196207,9.2969,5.835,6.5411,8.0655,5.1904,3.5891
196208,4.6324,3.481,2.4746,2.7365,1.6589,2.4451
196209,-8.2156,-7.0728,-6.2278,-5.029,-4.6285,-4.403
196210,-5.0798,-3.2299,-2.0814,0.6149,0.6967,0.3193
196211,14.8701,13.5932,14.4039,11.2866,9.9807,13.8453
196212,-3.5888,-1.4287,-2.1811,1.5415,1.8405,0.8045
196301,7.7548,8.128,9.8682,4.9107,4.341,7.2202
196302,-2.6231,-1.5295,0.0121,-2.7987,-1.8255,-0.9463
196303,0.2881,1.7036,2.4004,3.4118,3.3436,5.1776
196304,3.6213,2.8025,4.865,4.9435,4.5555,5.7538
196305,1.6457,3.2564,5.4192,2.2843,1.1592,3.6726
196306,-1.3195,-1.9678,-1.7384,-2.3186,-1.4621,-0.4515
196307,-1.0781,-0.6144,-1.1362,-0.0296,0.4469,-1.5958
196308,4.4508,4.4668,5.7397,5.4037,4.6832,7.4085
196309,-3.0662,-0.5101,-1.925,-1.0508,-1.7302,-1.8068
196310,1.1622,1.7315,2.718,3.8602,1.2408,2.1338
196311,-2.8656,-1.2746,-0.3262,-0.2513,-1.4568,0.628
196312,0.3533,0.5127,0.27,2.0516,3.0422,1.9282
196401,0.7687,2.6368,4.0384,2.6802,2.6995,2.6322
196402,1.5844,2.12,4.1525,1.4206,1.6806,4.4877
196403,0.6098,4.046,5.2326,0.9206,3.0313,2.9785
196404,-1.693,-0.3104,-1.4306,0.4221,1.1292,-0.9012
196405,0.9213,1.1138,2.1517,1.5355,1.1248,4.2342
196406,1.3068,1.3056,1.9673,1.6729,1.3204,2.3624
196407,1.5617,2.923,2.6539,1.9101,2.3082,2.2219
196408,-1.4647,-0.4123,-1.2188,-1.2244,-0.857,-1.2942
196409,3.488,2.7891,3.6028,2.3459,3.5645,5.5135
196410,1.0347,1.386,2.3046,0.2888,1.7737,1.3198
196411,-0.0699,-0.3952,0.088,0.4987,0.9448,-3.6472
196412,0.4103,-0.8119,-1.5397,1.1229,-0.2962,-2.0315
196501,6.9101,5.9144,6.6221,3.9465,2.8474,4.6225
196502,3.6881,3.3866,4.3283,0.5709,0.0928,0.3012
196503,0.9113,0.5632,1.5148,-1.1537,-1.6025,0.3921
196504,2.9896,4.4276,5.344,3.821,2.4893,2.8686
196505,-0.0805,-0.9346,-1.3402,-0.2677,0.0594,-2.234
196506,-9.952,-8.8084,-8.5942,-4.57,-4.9546,-4.7754
196507,2.5454,3.0714,4.0875,1.3374,1.6266,4.1297
196508,6.7391,4.9432,5.0927,2.9418,2.8135,2.504
196509,3.8837,3.8101,3.8155,3.792,2.2366,3.5859
196510,5.9703,5.4078,6.3147,2.8374,1.9332,5.4895
196511,4.0227,4.8811,4.709,-0.0136,-0.1461,-0.2972
196512,3.8668,3.5782,4.6346,0.8482,0.8929,4.0673
196601,4.2987,5.6169,6.9139,-0.199,1.1932,4.269
196602,3.6764,3.1376,3.4968,-1.6064,-0.8148,-0.6484
196603,-0.4477,-2.8934,-2.044,-1.541,-2.6653,-4.0093
196604,5.6755,4.8344,5.5394,2.4076,1.8094,1.5507
196605,-9.9623,-10.0025,-10.3267,-4.191,-5.0591,-7.0464
196606,0.8233,0.1021,-0.018,-2.0147,-0.0761,-0.1531
196607,-2.1727,-1.5744,-0.7648,-1.6147,-0.5971,-1.1716
196608,-11.3948,-9.8097,-10.4483,-7.6497,-6.5901,-7.4089
196609,-2.0502,-1.0178,-1.4886,-0.9802,0.1878,-0.4714
196610,-3.9471,-0.054,-0.151,3.2426,7.2565,5.238
196611,7.7054,4.7284,2.7485,3.7231,-1.0338,-0.6045
196612,3.5942,2.6061,0.52,-0.364,1.4002,0.028
196701,18.3675,16.1141,17.647,7.9209,6.3614,12.4342
196702,4.738,2.8303,3.2446,2.0203,-0.3606,-0.9366
196703,6.0665,6.5242,5.685,4.2709,3.7584,5.0196
196704,5.6135,3.9215,3.2195,5.9879,1.7954,3.1624
196705,-1.5607,-0.9807,-2.4468,-4.9957,-3.5473,-2.4474
196706,9.5286,8.1493,8.2971,1.4338,2.093,4.4288
196707,7.2235,7.4868,10.1729,4.9121,3.4756,7.2623
196708,-0.4499,0.7781,0.5796,-0.7537,-0.9064,1.1468
196709,6.8646,5.2991,4.6934,3.8105,2.6884,1.0512
196710,-0.7762,-2.2939,-3.482,-1.4883,-3.7601,-5.5554
196711,1.2915,1.3678,-0.8513,1.0932,0.2879,-0.1845
196712,10.8865,7.5066,8.2271,2.1521,3.2351,4.0351
196801,-1.3955,0.8374,3.411,-6.1768,-1.2258,-1.4761
196802,-7.4186,-5.0727,-5.0878,-3.3154,-2.0978,-3.3147
196803,-0.7833,-1.071,-0.5123,1.8301,-0.7213,0.3795
196804,17.1583,14.3274,13.333,10.2278,5.3845,12.0029
196805,9.7866,8.2643,8.8977,2.4655,0.1459,5.0388
196806,-0.1852,1.4543,1.4635,-0.015,3.5863,-0.3276
196807,-5.7994,-2.2761,0.2182,-4.5176,0.1274,0.4299
196808,3.9511,3.3569,4.7054,1.1686,1.4001,2.4167
196809,7.3832,6.8764,6.4221,3.3422,4.2753,4.7739
196810,-0.6309,2.1714,1.3402,-0.5914,1.6552,3.2262
196811,8.5377,8.265,6.7725,5.4941,5.5629,5.4521
196812,0.2747,-0.4841,-1.0729,-4.8101,-3.3509,-3.4288
196901,-1.7789,-1.0602,-0.7044,-1.8313,0.1474,0.4821
196902,-10.3901,-8.101,-7.4991,-3.9436,-5.3516,-5.0268
196903,3.0556,2.2436,3.1935,3.8966,2.5093,2.8456
196904,0.8184,1.8446,1.2224,3.2362,0.3857,2.9017
196905,-0.272,0.762,0.1253,-0.1556,0.679,0.9003
196906,-12.2166,-11.1331,-10.9848,-3.43,-7.9065,-6.8363
196907,-11.3047,-9.4389,-7.2856,-4.8298,-7.557,-6.0112
196908,7.3535,5.4702,3.7053,6.7044,4.3802,2.6219
196909,-0.5355,-2.0251,-2.7291,-0.5645,-3.5582,-4.7588
196910,11.0171,7.953,7.0784,6.2372,4.5632,3.8048
196911,-5.5536,-5.1425,-6.4108,-2.1373,-3.8391,-3.5268
196912,-5.103,-5.2096,-6.6615,0.1676,-1.8269,-4.3182
197001,-6.0745,-5.1124,-2.3747,-8.0621,-8.5096,-5.6797
197002,2.5803,3.526,6.1994,3.6058,7.8464,8.0637
197003,-5.3084,-1.1075,0.1495,-1.9099,1.4691,1.1248
197004,-20.8565,-13.924,-11.1768,-10.5894,-9.548,-7.4793
197005,-11.414,-10.526,-7.9967,-7.9879,-4.1648,-4.2096
197006,-9.023,-6.9387,-5.9592,-5.4299,-3.2738,-6.748
197007,7.5511,6.8145,6.7809,5.1336,9.7531,7.8546
197008,6.2739,6.983,6.572,4.0866,5.2808,5.8755
197009,17.1452,10.7398,9.3408,7.297,0.2911,3.868
197010,-6.8591,-6.9447,-4.1513,-0.6478,-1.5815,-2.8424
197011,0.4285,1.9179,2.5444,5.1219,5.6812,6.2844
197012,7.9235,9.5759,9.3281,5.3396,6.7156,5.9048
197101,10.4475,12.9221,12.5631,4.7039,3.8331,5.3155
197102,4.623,3.2488,2.3615,2.3722,0.3439,1.9789
197103,8.8668,5.135,4.6812,5.9343,3.081,2.0383
197104,3.0239,3.9245,3.3902,3.9834,2.6307,5.1195
197105,-4.2549,-5.3894,-5.1297,-2.7124,-4.2686,-4.5521
197106,0.6017,-1.7105,-2.2636,1.1439,-0.0968,-0.1323
197107,-6.8923,-4.3205,-5.8675,-4.19,-3.4957,-4.8793
197108,4.3851,3.6604,6.7337,5.558,1.1582,8.5457
197109,0.8278,-0.7481,-2.1947,0.3953,-1.2259,-2.5023
197110,-6.2425,-4.2824,-6.597,-3.8639,-3.4778,-4.3757
197111,-2.8804,-2.2689,-4.1502,0.8825,-0.3895,-1.2416
197112,13.5572,11.0988,12.3224,9.0231,8.4388,9.5553
197201,9.2391,6.6521,10.6835,2.6754,0.3336,5.2069
197202,4.8732,3.0016,2.7703,4.4756,0.9956,1.06
197203,1.522,-0.1361,-0.525,2.2045,-1.3496,0.7867
197204,0.3817,1.1608,0.4361,0.7131,0.0984,1.1135
197205,-1.7621,-1.2886,-2.7892,3.0172,0.8582,-1.3384
197206,-3.3178,-2.6575,-3.0901,-1.0233,-2.7704,-6.2808
197207,-5.2198,-3.0948,-2.0021,0.5624,-1.0985,-1.1041
197208,-0.9405,2.0534,2.5191,1.4261,7.1272,7.3516
197209,-3.422,-2.7356,-3.1588,-0.4663,-1.0781,0.2188
197210,-2.6305,-0.1358,-1.0478,0.4937,2.2641,1.651
197211,3.6455,5.7858,6.4206,2.9575,6.4967,9.7047
197212,-0.93,-1.0968,-2.2478,2.638,-0.7459,-0.5801
197301,-7.8476,-5.1105,-3.697,-2.6196,-2.1413,-1.4141
197302,-11.1287,-7.7494,-5.8562,-2.9916,-4.8838,-4.8659
197303,-4.2459,-2.5579,-1.2532,-1.3203,0.4768,1.2416
197304,-11.6688,-5.3574,-5.0007,-6.1038,-2.5397,-1.3958
197305,-10.128,-7.2301,-7.3329,-0.9327,-2.0543,-3.3133
197306,-5.4976,-2.8306,-2.6703,-0.914,-0.3678,-0.863
197307,18.2152,10.3084,8.9078,6.3868,2.1601,5.0707
197308,-3.9136,-5.151,-4.098,-3.3355,-2.9293,-0.8788
197309,10.9276,9.6453,8.489,2.227,9.0649,9.0159
197310,-2.4877,0.3233,0.9463,-0.1917,-0.1881,-0.1474
197311,-22.58,-17.8891,-16.1683,-12.5411,-10.0076,-10.8631
197312,-2.3482,-2.1943,-1.3201,-1.3028,5.3697,5.841
197401,7.4857,10.2272,13.9009,-1.1211,-1.0265,4.4528
197402,0.0551,0.5314,1.9426,-1.0888,1.2808,2.1103
197403,-0.3996,-0.7271,0.4518,-1.7974,-3.4988,-2.8631
197404,-6.4225,-5.7033,-3.5868,-3.5637,-5.9113,-4.2885
197405,-7.219,-7.8495,-6.7469,-1.6056,-5.1287,-6.1535
197406,-3.2551,-2.4275,-1.2203,-2.0537,-1.7574,-2.4987
197407,-6.6183,-4.2468,-2.9921,-9.4335,-4.3886,-2.7839
197408,-9.465,-7.9662,-7.4409,-10.0776,-5.6511,-7.1108
197409,-11.7614,-7.0497,-7.2908,-13.6776,-6.0575,-7.1702
197410,14.435,7.6359,7.9437,21.3957,11.2806,7.9021
197411,-5.1426,-4.3475,-5.5041,-4.0321,-3.476,-3.9813
197412,-7.1184,-5.5941,-7.7422,-3.2633,-0.0243,-2.6419
197501,24.4572,26.822,30.5642,10.5497,16.9423,21.3261
197502,6.7129,3.1748,3.6834,8.1963,2.7846,2.1044
197503,7.6479,6.8648,8.3487,2.8911,1.539,7.1649
197504,6.5168,3.3116,3.1669,5.6844,2.0896,6.8207
197505,10.2221,6.8458,6.8986,5.6654,5.868,0.9491
197506,6.9681,7.4171,6.2529,4.3148,6.3506,7.6772
197507,-2.9022,-2.4808,-2.5432,-7.5105,-3.9437,-4.5183
197508,-4.7145,-4.2165,-6.6039,-2.2287,-1.6616,-1.9367
197509,-4.0454,-3.3147,-3.4523,-3.9223,-2.7077,-3.7935
197510,1.2973,3.4134,2.0127,6.5303,5.8059,6.4773
197511,1.3031,2.4019,3.8226,3.0317,3.5573,4.4665
197512,-1.5947,-0.2788,-0.8825,-1.812,0.377,0.928
197601,14.9951,18.4618,24.6191,10.7949,14.5525,18.3112
197602,6.6939,7.2995,12.2566,-1.3305,1.8502,4.6189
197603,1.2784,1.5468,1.7553,2.8288,3.0117,2.3143
197604,-0.9759,-0.9754,-1.1125,-1.5931,0.236,-1.5875
197605,-0.8473,-2.0257,-3.5791,-0.607,-1.594,-0.517
197606,3.9051,3.6669,3.8792,4.4603,5.1791,5.8672
197607,-1.0995,0.6967,0.7206,-1.202,0.2327,0.3832
197608,-3.4495,-1.3511,-1.2672,-0.3043,1.1751,-0.8806
197609,3.4942,2.5315,2.1832,2.1903,3.1272,2.901
197610,-2.6981,-1.4974,-2.0384,-2.4693,-1.181,-3.269
197611,3.6345,3.192,3.8743,-0.7448,2.451,2.0579
197612,9.5963,9.5397,10.0711,4.7882,6.628,8.7827
197701,0.7962,2.181,3.2265,-6.3087,-1.6031,-0.2012
197702,-0.9473,-1.1979,0.0915,-1.8672,-1.5213,-1.8957
197703,0.2808,0.7623,0.1523,-1.6431,-0.6265,0.4953
197704,1.0783,1.2603,2.5201,-1.1132,2.0034,4.3212
197705,-0.7771,0.1283,0.7262,-1.7857,-0.0882,-1.5631
197706,7.4619,6.1936,6.9659,5.6696,3.7423,4.8223
197707,0.0454,0.0338,0.5661,-1.4759,-1.0434,-3.1895
197708,0.7207,-0.835,-1.4813,0.3474,-3.4641,-3.0225
197709,1.6447,1.7709,0.6209,-0.6959,1.0353,-0.6596
197710,-3.864,-2.0867,-1.5527,-4.3183,-3.8008,-3.1906
197711,8.2767,7.2947,8.1753,4.0251,3.8153,4.7011
197712,3.2376,1.4857,1.5477,0.2078,0.8742,1.1139
197801,-4.7036,-2.8126,-1.2119,-6.4232,-5.6667,-3.2943
197802,1.6023,2.5276,2.5275,-2.5376,0.3715,-1.9578
197803,6.4024,6.6466,7.0922,2.1851,3.6024,3.8808
197804,9.9566,7.5145,7.1372,11.0818,5.5243,6.7876
197805,7.1685,5.8447,5.8004,1.9358,1.1421,2.0525
197806,-0.9622,1.1017,0.3994,-1.3946,-1.5562,-1.669
197807,7.0016,4.9664,5.7474,6.8952,4.1214,5.8479
197808,8.2441,8.1001,8.8382,3.5345,4.4166,2.0537
197809,-1.8571,-0.34,-0.6319,-2.5675,0.977,-0.0393
197810,-23.1233,-18.3624,-18.728,-9.9048,-9.087,-11.5013
197811,8.8805,5.0172,4.3809,2.9563,3.2649,2.9962
197812,3.0458,1.9274,1.9362,2.8736,0.7087,-0.4193
197901,8.5598,7.9001,9.5887,3.2404,5.0773,6.7849
197902,-3.4437,-2.2301,-1.9136,-3.7116,-2.3688,-2.8226
197903,11.6603,8.3392,8.4861,5.7099,5.6869,7.4835
197904,1.6512,2.9983,3.3098,0.1934,0.5993,0.6349
197905,-2.6615,-0.7536,0.6754,-1.8315,-1.2775,-1.2996
197906,5.72,5.9613,6.1133,3.0983,5.5278,5.6968
197907,2.0241,4.1539,3.0636,0.6145,1.7385,2.9517
197908,9.0879,7.3501,7.3418,6.7592,5.3877,5.4308
197909,0.7898,-1.1236,-1.1231,-0.8453,1.0016,-0.759
197910,-9.2232,-10.6418,-11.2894,-6.6895,-6.1062,-8.3676
197911,10.8955,6.817,6.8654,6.5484,5.7238,4.1156
197912,8.1167,5.2588,5.1958,2.9448,1.0974,1.8698
198001,7.9373,7.7443,8.531,4.898,6.3402,7.9203
198002,-0.444,-2.9397,-2.6179,-3.1042,2.143,0.4015
198003,-19.2844,-16.0082,-17.3363,-8.9552,-10.7696,-13.0583
198004,5.97,6.5203,5.8771,3.7642,5.644,6.129
198005,8.1565,7.9085,8.0734,5.6694,5.4155,6.5642
198006,5.357,4.3473,4.291,3.1132,3.4858,2.3944
198007,13.2997,9.5075,7.2204,9.3429,5.2665,2.6748
198008,8.515,4.9704,3.6373,2.1783,1.4032,1.7796
198009,5.2291,2.9409,0.8631,4.1595,3.25,-0.9185
198010,5.8559,2.178,3.0305,1.8093,2.8995,-0.9337
198011,12.6508,4.3946,2.6011,11.6103,13.462,4.864
198012,-5.2846,-1.7629,-1.3382,-2.1627,-4.7186,-0.7256
198101,-3.7961,0.8272,2.2605,-5.9992,-5.4026,1.6613
198102,-0.6572,2.457,2.7823,2.8104,1.2656,1.3461
198103,7.6821,8.1793,7.6491,3.8099,3.5764,5.1615
198104,2.537,3.5286,3.8651,-2.1694,-2.161,1.0382
198105,4.899,2.9452,1.6954,0.8674,-0.4934,3.2307
198106,-5.7476,0.7821,1.3005,-3.2265,2.1046,-0.0165
198107,-2.7865,-2.4317,-1.6059,1.367,-0.5668,-0.9853
198108,-9.9937,-5.8765,-4.6804,-6.8244,-5.4876,-2.4331
198109,-10.2583,-6.5057,-4.932,-6.3349,-5.9832,-1.2885
198110,10.4524,6.7252,5.7631,8.1354,3.9564,4.414
198111,0.8679,4.8546,4.6174,4.0867,5.0893,4.1475
198112,-2.3596,-1.0034,-1.4905,-3.1012,-2.7085,-2.4883
198201,-4.8239,-3.6504,-0.8534,-1.8499,-3.6219,0.4532
198202,-7.4561,-3.0793,-0.7374,-7.3856,-3.3612,-1.9685
198203,-2.186,-0.5355,1.5065,-1.9502,-0.5188,1.9235
198204,6.5613,5.6408,4.1447,5.7603,3.5099,2.5839
198205,-3.5752,-2.2983,-0.9376,-3.4667,-2.2848,-2.4518
198206,-3.5669,-1.6588,-1.3017,-2.5012,-1.1607,-1.6786
198207,-2.4098,-0.5505,-0.995,-0.6184,-4.2037,-1.6851
198208,8.1417,8.9453,8.1803,11.0153,13.1797,13.3399
198209,2.6422,4.747,5.1898,1.9259,2.022,0.0451
198210,15.8927,13.2564,11.6157,12.7832,11.2057,9.6449
198211,10.0231,8.4131,9.2602,7.091,2.3157,3.9016
198212,1.2969,1.1923,0.8848,1.14,1.1474,1.6348
198301,9.7171,5.4591,4.9474,2.7758,3.2963,5.8779
198302,4.288,6.5764,7.1591,3.6348,2.3664,2.2071
198303,2.6543,6.3575,6.3064,2.4896,4.4903,3.0004
198304,7.8339,7.9868,7.6327,5.7044,9.0366,7.1413
198305,7.9342,5.3536,4.9865,-0.181,0.1229,-0.0497
198306,5.6223,4.4151,2.3341,5.2791,3.6756,0.7257
198307,-5.8394,-0.0519,1.3681,-5.195,-2.65,-1.0994
198308,-4.8037,-2.8198,-0.3088,-1.3215,0.9714,5.2865
198309,0.0808,2.4921,4.0643,2.5816,1.4355,0.8469
198310,-9.0383,-4.396,-2.1608,-3.5868,-0.9077,-0.3125
198311,4.7173,4.2051,4.3618,2.8141,2.4183,1.9321
198312,-3.1575,-0.4522,0.1908,-0.6756,-1.1652,-0.7064
198401,-4.2246,-0.2656,2.045,-5.3208,0.5991,3.6094
198402,-6.9787,-4.9931,-3.5689,-4.7417,-4.2434,-1.4525
198403,0.1552,1.3526,2.289,1.5738,1.5823,0.421
198404,-1.2594,0.0933,-0.0187,0.4552,0.1588,1.7964
198405,-5.9603,-4.7841,-4.3624,-4.8086,-4.5295,-5.8964
198406,4.5385,2.0874,1.0437,4.4116,1.5434,2.6723
198407,-5.5778,-2.9867,-3.2625,-0.9757,-1.8896,-2.309
198408,13.3672,10.3261,9.5312,11.2847,11.244,11.4255
198409,-2.7125,1.4516,2.3052,-2.4137,-0.3792,3.2248
198410,-2.2288,-0.3836,0.0415,0.7616,0.834,-0.4988
198411,-4.5468,-0.2229,0.3844,-2.2437,-1.326,0.9903
198412,2.0353,1.667,2.1318,2.6701,2.7077,2.2441
198501,15.0241,9.9425,8.6802,10.1238,8.128,5.5899
198502,2.9283,2.8454,1.7336,1.2921,1.6663,2.2576
198503,-3.3003,-1.2494,1.3999,-1.2719,-0.6107,2.2358
198504,-2.0355,0.1824,1.6356,-1.8467,-0.7741,1.945
198505,4.2438,4.0945,3.2688,5.9544,7.1384,5.2285
198506,1.412,2.5662,2.7306,1.5327,1.8626,1.4618
198507,2.781,2.4382,1.1312,0.2258,-0.9643,-1.4749
198508,-2.0053,-0.0146,0.1766,-1.5382,-0.0693,0.8223
198509,-7.3023,-4.2618,-4.1289,-3.8475,-2.7049,-4.3704
198510,3.2082,3.7263,3.2546,3.9853,5.3773,5.5117
198511,7.8608,6.9159,6.3281,9.0856,6.5852,4.755
198512,5.0474,4.0119,3.2439,5.7948,3.63,4.4163
198601,2.2718,1.5523,2.6028,0.7857,0.4047,1.5512
198602,7.3464,7.2919,6.5835,8.0044,8.2378,6.9121
198603,4.2417,5.3404,5.2203,6.2154,5.8127,4.3498
198604,2.4152,1.1398,0.4272,0.5622,-1.7981,-3.3101
198605,3.3522,5.263,3.4915,5.4464,5.5196,5.0941
198606,-0.0772,0.9624,1.9782,1.8263,1.1497,2.595
198607,-10.697,-8.7775,-5.5387,-7.1846,-5.1607,-2.6668
198608,2.1526,3.5687,4.4396,4.7745,8.5275,9.4514
198609,-8.2443,-4.8213,-4.7154,-10.0462,-7.43,-7.1404
198610,4.389,2.8066,1.9289,5.483,5.3913,5.4859
198611,0.0763,-0.6043,0.4746,2.0652,2.1676,1.4978
198612,-3.0813,-3.0241,-1.9596,-2.4837,-2.9088,-2.9364
198701,12.4908,11.1244,9.1413,13.9484,13.2713,10.9512
198702,9.6009,6.7631,5.0608,7.486,3.437,0.0582
198703,1.3111,2.6419,3.6632,1.6618,2.337,2.494
198704,-2.6755,-3.0294,-3.6497,-1.8383,-0.9511,-1.4866
198705,-0.3029,0.0112,0.7555,1.474,-0.2216,0.7569
198706,1.4649,3.2187,3.4595,4.6545,5.4452,4.6788
198707,2.1843,3.2746,5.2808,5.5834,3.5015,3.7472
198708,2.8741,3.7804,2.9463,4.6788,4.3486,2.7794
198709,-2.5686,-1.2601,-1.3994,-1.9305,-2.3035,-2.5443
198710,-32.3695,-27.9761,-27.5829,-23.179,-20.2262,-19.3809
198711,-6.7151,-3.9474,-3.4372,-8.7953,-7.8408,-5.7948
198712,9.2891,6.9495,4.6212,9.1708,6.4054,4.8756
198801,2.1636,4.896,6.371,2.0633,5.6221,8.032
198802,8.4429,7.9635,7.0505,5.4205,4.6036,3.4507
198803,3.7131,3.8933,3.2733,-3.0865,-3.2041,-1.2324
198804,1.3703,1.9419,2.5509,-0.6451,2.0897,1.5434
198805,-2.9244,-1.788,-0.4303,0.0007,0.633,2.1264
198806,7.6092,6.9554,6.2822,4.7746,5.638,3.9651
198807,-2.4386,-0.1004,0.3198,-1.5434,-0.2685,0.2212
198808,-4.1109,-1.6653,-1.2427,-2.8766,-3.1201,-1.3957
198809,2.6189,2.9221,2.6519,5.0788,3.4675,3.6436
198810,-2.0449,-0.0232,0.6335,2.2852,1.919,3.0435
198811,-3.8311,-2.6186,-2.7373,-1.6771,-1.8562,-0.3587
198812,3.8616,3.8409,3.055,2.7756,1.5609,0.7431
198901,4.3507,4.503,5.453,7.0732,6.566,7.0318
198902,0.4644,0.7591,1.3626,-2.3405,-2.0486,-1.3617
198903,2.5434,3.0036,3.4447,2.5196,1.643,2.5994
198904,4.86,4.3505,3.9265,5.9951,4.7723,4.0222
198905,4.652,3.7496,4.0221,4.7807,3.5802,3.9388
198906,-3.0918,-0.7509,-0.0898,-0.9562,-0.3322,0.398
198907,4.4915,4.064,3.4439,10.7874,7.1836,6.096
198908,2.6365,2.8271,2.5021,1.0838,2.8441,2.62
198909,1.3377,0.1404,-0.7816,0.5308,-0.8247,0.0842
198910,-5.044,-5.7493,-6.365,-1.394,-3.8748,-2.1137
198911,0.6586,0.7904,-0.1903,2.3829,1.6495,1.0565
198912,0.1262,-0.4229,-0.2017,1.6851,2.4204,2.5504
199001,-9.2075,-7.6785,-8.0015,-7.5057,-6.3797,-7.0932
199002,3.239,2.6037,2.2858,0.3309,2.2042,2.5395
199003,4.4459,3.817,2.2888,4.1457,1.3709,0.4758
199004,-2.9263,-3.0821,-4.3763,-0.8968,-3.4659,-4.4955
199005,8.5398,6.383,4.3884,10.8205,8.63,7.4703
199006,1.1432,0.4424,-0.0713,1.2709,-2.3956,-1.5587
199007,-4.4848,-3.7656,-4.2509,-1.2768,-0.0354,-1.5607
199008,-14.7212,-12.2472,-11.3602,-9.7174,-7.9229,-9.9271
199009,-10.2896,-8.3378,-8.1153,-5.7406,-3.7003,-6.3734
199010,-5.9362,-5.6077,-5.885,0.343,-1.9623,0.7754
199011,8.9903,6.4936,4.9035,7.3753,6.7959,5.1888
199012,4.1769,3.4824,2.7859,3.7486,2.4024,1.9443
199101,9.3351,8.2959,7.6973,6.3232,3.2563,4.3065
199102,11.6853,10.2401,11.3263,7.8078,6.5228,7.0995
199103,7.7957,5.2343,6.6198,4.0238,1.114,2.7702
199104,-0.6147,1.3519,1.5719,-0.2525,0.7967,0.3084
199105,4.32,4.8248,2.6583,4.6697,2.9044,5.2189
199106,-5.3292,-3.2406,-4.0639,-4.87,-4.3086,-3.6755
199107,4.2234,3.5486,2.9601,5.4237,4.0431,4.0955
199108,4.4168,3.1141,4.3425,3.3567,1.8204,1.8719
199109,1.225,0.6736,-1.01,-2.2021,0.0442,-1.8954
199110,3.1114,2.5901,1.9561,1.4948,1.6696,1.7663
199111,-4.802,-3.7628,-5.5229,-2.4962,-4.5172,-5.6229
199112,10.1704,6.7347,7.5483,14.436,7.6422,9.0348
199201,7.6282,7.4504,10.5468,-2.2519,-1.5102,3.9572
199202,0.7689,2.8399,7.0227,0.3788,0.7404,6.8633
199203,-6.3527,-1.2388,-0.6833,-2.766,-1.28,-1.1175
199204,-5.5621,-2.4087,-1.0204,0.1709,4.969,4.2244
199205,-0.6581,0.9156,2.4966,0.88,0.4617,0.2406
199206,-6.1737,-3.2181,-2.7085,-2.5002,-1.147,0.8324
199207,2.6159,3.3562,3.8264,4.3452,4.6576,2.0852
199208,-4.3157,-1.527,-2.612,-1.1383,-2.126,-4.8876
199209,1.4712,2.4491,1.4619,1.6215,0.8478,1.2231
199210,4.3778,2.4973,1.6471,2.3924,-0.9208,0.9211
199211,9.6295,6.4303,6.6858,4.5833,2.5569,4.5601
199212,2.5811,3.6582,4.94,0.6943,2.1215,3.4063
199301,1.3079,3.9966,6.5563,-1.1092,1.4973,5.3887
199302,-6.3779,-0.0866,1.0888,-2.2907,4.112,3.0823
199303,2.1247,2.5418,3.6364,1.7777,3.084,2.723
199304,-3.7409,-2.5481,-2.5995,-5.0167,-0.8658,-0.9365
199305,6.6485,3.2201,3.0733,4.0012,2.3615,0.734
199306,0.7216,0.4693,1.5246,-1.0234,1.1944,3.427
199307,-0.3644,1.4785,2.2581,-2.2202,1.1431,1.6267
199308,3.9811,4.6835,3.332,3.604,4.0424,3.4552
199309,3.2418,2.3117,2.5407,-0.7546,0.4897,-0.9774
199310,3.8733,1.7022,2.6328,2.9769,-0.2017,1.0803
199311,-3.2916,-2.7223,-2.3882,-0.0488,-2.6452,-1.464
199312,2.5864,3.8741,2.7461,1.3797,1.7422,2.4314
199401,1.92,2.909,5.0571,2.005,4.4714,3.0755
199402,-0.9113,0.8136,-0.9069,-1.6323,-3.105,-4.3789
199403,-6.2165,-4.8292,-4.3405,-4.6889,-3.7885,-3.9667
199404,-0.7978,0.64,1.368,0.3809,2.0682,1.5194
199405,-2.5438,-1.0322,0.0324,1.487,1.8335,-0.8324
199406,-4.7527,-2.0801,-2.0442,-3.0498,-2.1582,-2.2439
199407,1.4855,1.3541,2.1475,3.0482,3.5657,3.5533
199408,7.2412,4.5481,4.0745,5.7866,2.7123,3.3292
199409,0.5804,-0.0479,-0.3892,-1.1926,-3.1618,-3.9981
199410,0.6109,-0.0529,-1.8059,2.2505,2.398,1.1447
199411,-3.8802,-3.27,-3.6831,-2.9715,-3.5891,-5.0836
199412,0.7649,1.8708,1.5868,1.4086,1.0039,1.6806
199501,-1.1129,-0.4957,1.1557,2.1817,3.7766,1.5436
199502,3.7707,2.9272,4.3418,4.0856,3.3167,5.6623
199503,2.728,1.9713,1.1087,2.9979,2.4572,2.4689
199504,0.9566,3.2216,3.1151,2.0595,2.6721,4.4261
199505,0.8866,1.6292,3.0076,3.6169,3.6011,4.8933
199506,7.3837,4.9105,4.1029,3.7509,1.4078,2.4528
199507,7.959,4.6152,4.9704,3.9351,3.8111,3.5391
199508,1.9843,2.8465,4.0266,-0.067,0.96,3.236
199509,2.4005,2.0885,1.4858,4.6266,3.5174,4.0168
199510,-5.7624,-5.1413,-3.7418,0.4959,-0.9484,-2.9624
199511,3.6224,3.1428,3.9548,3.9724,4.8165,5.4351
199512,1.8922,2.5894,2.1823,0.456,2.6631,1.8513
199601,0.1331,0.1222,0.875,2.9814,3.1486,3.0373
199602,4.8259,2.1919,2.9238,1.9035,1.3064,1.0407
199603,2.4265,2.634,2.6035,0.0545,1.8119,1.9276
199604,8.7457,4.6698,4.6504,2.9699,1.0696,-0.759
199605,6.0122,4.6247,5.1979,3.7276,0.7555,2.1582
199606,-6.043,-2.754,-2.4364,0.0632,-0.109,-0.3785
199607,-13.7616,-6.2805,-5.5779,-5.49,-3.8596,-4.7398
199608,7.0644,4.7085,4.645,2.0579,3.7655,3.6503
199609,5.3045,2.485,3.0712,6.7559,4.2113,2.6001
199610,-5.0422,-0.0732,0.8512,0.7651,3.3189,5.0118
199611,1.6907,4.6026,3.9541,7.1719,7.5451,7.2684
199612,0.587,2.7016,1.949,-1.7903,-1.2692,-1.3352
199701,4.0681,3.1907,2.977,6.7037,4.5457,4.4825
199702,-6.3645,-0.5049,1.28,-0.1328,0.6083,2.6483
199703,-8.4665,-3.6471,-1.6501,-5.504,-2.4324,-4.6887
199704,-3.2716,0.8474,-0.4203,6.5542,4.0337,3.5566
199705,15.6073,9.7503,8.4268,6.9386,5.738,6.3845
199706,3.6051,5.471,6.8593,4.1109,4.5046,3.3834
199707,4.7637,5.3796,5.8488,7.4562,8.8802,8.0529
199708,3.9582,3.2173,3.2159,-5.5726,-3.8486,-2.0964
199709,8.8501,7.7529,8.1297,5.1888,5.7615,5.9477
199710,-6.1504,-3.5222,-2.1767,-2.9584,-3.8448,-2.9588
199711,-3.4223,-0.644,0.3039,5.1486,2.8758,3.0493
199712,-2.165,0.9598,2.0948,1.4103,2.4256,4.1191
199801,-0.5798,-1.3947,-0.8373,2.911,-2.5042,0.2303
199802,8.3846,7.089,7.3452,6.9005,8.2054,7.6962
199803,4.4331,4.5336,4.8649,4.9063,5.1831,6.5388
199804,0.6676,1.4451,2.1886,0.9355,1.825,0.883
199805,-7.299,-4.724,-2.7738,-2.3811,-2.6184,1.3972
199806,0.5246,-0.508,-0.1879,5.894,1.4511,1.9761
199807,-7.8374,-7.5902,-7.0035,-0.4904,-3.31,-3.2489
199808,-24.4683,-18.3867,-18.1918,-13.8402,-17.9688,-13.3249
199809,8.94,5.1598,3.4038,7.7376,3.553,6.6311
199810,4.756,3.739,3.0174,7.9426,8.2038,5.2645
199811,8.968,5.8317,5.3495,7.1358,5.2838,4.479
199812,6.6424,3.4439,2.7227,8.5836,1.6561,3.5871
199901,4.2097,1.9336,0.6909,5.1231,-0.0084,0.5877
199902,-9.183,-7.2544,-8.0612,-4.4425,-0.2821,-2.7559
199903,-0.2262,0.8959,-2.989,4.0308,3.9216,1.5013
199904,8.9574,10.7597,9.3789,2.3063,7.9309,6.9393
199905,2.0548,0.7564,4.1939,-2.5379,-0.8626,0.1279
199906,6.9653,5.835,5.8999,6.5981,2.447,0.4818
199907,-1.1647,-0.4581,-1.3233,-3.0116,-3.539,-4.4957
199908,-2.7303,-3.1059,-3.3052,-0.0697,-3.186,-2.2603
199909,0.6817,-0.5768,-2.6999,-1.9122,-5.3286,-5.4039
199910,0.5088,-0.2158,-2.8114,6.8248,7.0486,4.275
199911,13.6081,5.8875,4.2126,4.2687,-3.4325,0.5729
199912,18.9493,7.7638,6.7426,8.2747,0.5849,3.0023
200001,0.4458,-0.305,0.7487,-5.0149,-3.033,-6.2221
200002,28.3791,15.445,13.0047,1.5377,-6.8956,-4.2249
200003,-13.6487,-3.8778,-1.4717,8.3655,12.3921,12.0737
200004,-14.687,-5.5832,-4.534,-4.46,0.2822,2.5102
200005,-7.8513,-5.2724,-4.849,-3.6974,2.5916,-1.8459
200006,18.0112,8.8823,8.6308,5.1514,-6.0574,-5.6643
200007,-7.2853,1.3364,2.1833,-3.0526,3.9065,3.7589
200008,8.6486,5.4024,6.521,7.6254,7.9282,8.4045
200009,-7.3289,-0.5318,-0.4983,-5.9958,2.1154,-0.3236
200010,-8.4115,-1.3148,-1.6318,-2.1134,-0.1162,2.1464
200011,-16.4997,-4.3578,-2.7464,-10.6501,-2.7865,-1.8008
200012,2.762,8.967,8.4219,-0.103,8.4376,8.9064
200101,12.7187,5.2562,6.5249,3.598,1.2153,-0.0195
200102,-12.6495,-0.6093,0.5109,-11.2769,-0.6191,1.3661
200103,-7.6818,-0.9431,-1.4225,-8.014,-1.6851,-1.3622
200104,10.5302,4.6464,5.2382,8.9308,5.071,4.8511
200105,3.9603,4.6799,6.1789,0.4145,2.1301,4.4816
200106,6.4778,4.9543,2.5737,-2.1021,-1.7207,-0.3138
200107,-9.0853,-4.5455,-0.9557,-1.813,-0.9365,1.2314
200108,-7.1974,-2.7567,-1.2566,-6.9307,-3.8904,-7.8516
200109,-17.1263,-13.1954,-13.9834,-8.0849,-9.853,-8.0414
200110,11.4267,5.0371,4.4938,3.3351,0.6814,-5.8945
200111,8.7408,7.5026,8.9957,7.9158,6.8928,11.7074
200112,6.9199,6.7423,6.7145,0.6228,3.012,3.0266
200201,-4.921,0.7241,2.9935,-0.92,-1.6563,-2.2071
200202,-8.0381,-1.1171,-0.9456,-2.4783,0.259,-4.5765
200203,9.0231,7.2966,10.2034,3.5473,5.6997,4.5632
200204,-3.7339,2.6233,4.1333,-7.176,-0.4518,-7.1808
200205,-6.636,-3.678,-2.4901,-1.3523,0.2982,-2.0873
200206,-7.2463,-2.9964,-2.3893,-7.4682,-5.9101,-12.0314
200207,-15.0291,-14.4031,-14.8424,-6.3994,-8.5597,-13.4105
200208,-0.4957,0.5983,-0.7589,0.0881,1.2381,5.3124
200209,-8.503,-7.5048,-6.9179,-10.8047,-10.0683,-9.7666
200210,6.9864,4.2223,0.379,10.0501,4.4979,5.7733
200211,13.4828,7.9505,7.3516,5.2057,6.0108,9.0625
200212,-8.8395,-4.2794,-3.7621,-6.2859,-3.7348,-6.8611
200301,-2.2359,-2.6395,-1.34,-2.743,-2.1258,-5.5188
200302,-3.7285,-2.2549,-3.4365,-1.3492,-2.4958,-4.4975
200303,1.7123,0.6162,0.7725,1.691,0.2839,-1.5773
200304,11.0894,9.4213,9.2466,7.6229,8.9061,11.5645
200305,13.3086,10.8989,9.9138,5.09,7.0526,7.8825
200306,2.2107,2.4974,3.8709,1.2618,1.3763,0.9548
200307,8.0908,5.9687,7.04,1.8918,2.3744,0.787
200308,4.5196,4.8921,6.5197,2.0623,1.551,4.2536
200309,-1.7176,-1.8976,0.7485,-1.1125,-0.4915,-3.5755
200310,8.3798,8.0617,10.8943,5.1041,7.3534,6.3546
200311,2.8065,3.6317,4.9563,0.8488,1.4754,2.6046
200312,1.0719,2.5001,3.1752,4.2685,4.7555,6.9397
200401,3.7493,3.7557,6.9217,1.5739,2.2755,2.3047
200402,0.5884,0.9458,0.1412,1.2367,2.0533,2.6744
200403,1.2928,0.4081,0.4167,-1.9642,-0.5822,-0.6244
200404,-3.4189,-3.3407,-6.1906,-0.3256,-3.4688,-2.8615
200405,1.1639,1.0845,0.7035,1.3603,1.0215,1.1042
200406,3.3466,4.7949,4.5571,1.3505,1.8267,2.8214
200407,-9.8433,-5.2862,-4.6272,-4.5476,-2.285,-1.5401
200408,-2.309,-0.1716,-0.907,-0.3854,1.581,0.156
200409,5.7081,4.9681,3.5397,0.8835,1.6514,2.5753
200410,3.0237,1.3358,1.3815,1.6913,1.0181,2.1093
200411,8.222,8.7456,9.4062,3.6476,4.9486,6.088
200412,4.3062,2.3969,4.2103,3.6759,3.2218,3.6269
200501,-5.4756,-3.1973,-2.4478,-2.9969,-1.4727,-2.1034
200502,0.6269,2.1985,2.9212,2.044,2.1625,3.0519
200503,-4.0766,-2.2196,-2.044,-1.329,-2.5692,-0.2259
200504,-6.3616,-5.9772,-6.1764,-1.7702,-2.0946,-2.6499
200505,7.3747,6.2569,5.6525,3.7776,3.0235,3.8756
200506,2.6911,4.1546,4.5307,-0.7827,1.6993,2.6763
200507,6.7697,6.8307,6.3499,4.5812,2.6102,3.9726
200508,-2.1963,-1.1231,-1.195,-1.3012,-0.69,0.2282
200509,0.4245,0.6935,0.4925,0.3508,1.1929,1.8138
200510,-3.8246,-2.5909,-2.4305,-1.1309,-2.0182,-2.057
200511,5.1955,4.5193,3.8788,4.0808,3.7592,3.0328
200512,-0.1088,-0.3511,-0.1521,-0.7208,1.2884,0.196
200601,8.5626,9.3735,8.1571,1.8159,3.5446,4.4698
200602,-0.4396,-0.3238,-0.3402,-0.1813,0.9919,-0.7886
200603,4.2671,5.0859,5.643,1.6678,1.1752,1.5038
200604,-0.6539,0.9658,1.2097,-0.063,2.3336,3.258
200605,-7.7397,-4.8051,-3.9097,-3.0479,-2.5208,-1.7706
200606,-0.5519,0.3038,0.1766,-0.0823,0.1303,0.9355
200607,-5.8949,-2.7146,-2.2033,-0.7647,0.7664,1.4174
200608,3.2456,2.6332,2.6116,3.375,1.8307,0.5778
200609,0.9339,1.0485,1.1263,2.4998,2.3238,2.3992
200610,6.0088,5.0104,4.8711,3.3652,2.9289,4.4138
200611,2.6792,2.7373,2.9871,1.8219,2.3591,1.6469
200612,-0.7442,0.6609,2.4235,0.3342,1.8222,3.4874
200701,2.3577,0.844,2.363,1.9028,1.6897,1.6679
200702,-0.1621,-0.1211,-0.7527,-1.9573,-1.4993,-1.5535
200703,1.4221,1.2445,0.6641,0.8543,1.5035,1.1665
200704,2.351,2.0721,1.4673,4.8442,3.8166,3.4236
200705,4.1643,3.9639,3.0703,3.1977,3.7204,4.1993
200706,-0.5296,-1.0421,-1.7007,-1.0535,-2.4051,-2.1366
200707,-4.8553,-5.7723,-7.8207,-1.4142,-4.3572,-5.1334
200708,1.7296,2.1713,-0.8048,1.7819,1.8591,-0.1571
200709,2.6427,0.7568,0.2093,4.7715,2.2462,3.4747
200710,3.755,1.6636,0.5892,3.0602,1.2518,1.0393
200711,-7.1625,-6.8012,-7.6683,-3.1719,-5.5318,-5.0284
200712,0.3363,-0.9351,-0.6484,-0.3949,-1.0047,-0.4416
200801,-8.3934,-5.9741,-4.1918,-7.4251,-4.1254,-4.3265
200802,-4.2529,-2.9457,-3.6871,-2.1902,-3.3502,-4.6504
200803,-1.5303,1.0788,-0.0096,0.807,-3.0862,-1.0056
200804,5.1872,3.253,1.8194,3.7574,6.2194,5.2021
200805,5.51,5.5162,3.225,2.262,0.562,1.7825
200806,-7.4552,-7.5402,-8.5392,-7.1949,-9.187,-10.9687
200807,2.2184,2.6261,5.5551,-1.3288,-2.6545,6.9616
200808,3.0539,3.9459,7.0018,1.4487,1.1128,0.611
200809,-11.1944,-7.3425,-6.4666,-9.6311,-10.2726,-1.6989
200810,-21.981,-19.1867,-20.4873,-14.9869,-17.411,-22.2661
200811,-12.0697,-10.7942,-14.3586,-6.0471,-6.5709,-15.6433
200812,5.0134,4.4526,5.2002,1.8129,0.9211,1.1523
200901,-7.459,-10.2012,-15.8943,-4.991,-9.7739,-18.7514
200902,-9.66,-11.1667,-15.1052,-7.4282,-12.5186,-16.4817
200903,9.1212,10.3939,10.8473,8.1469,8.9993,13.472
200904,16.5461,16.626,17.294,7.4777,10.8361,17.6588
200905,3.7055,3.0481,2.4378,4.5972,6.1534,5.4403
200906,5.252,1.6367,0.8533,1.206,-1.4706,0.187
200907,6.6629,10.1716,14.0929,6.7104,8.1829,9.831
200908,1.1331,2.8258,8.7457,1.8639,3.7637,9.7692
200909,6.5459,5.5899,7.5782,3.5587,4.4433,4.3601
200910,-6.8041,-6.1239,-9.3815,-0.5892,-2.6852,-6.361
200911,1.718,2.0422,4.0862,6.6208,4.8007,3.9095
200912,8.3808,8.1193,8.5522,1.9003,3.0835,1.7523
201001,-3.6856,-3.027,-2.7808,-4.0628,-2.2286,-4.3552
201002,3.4717,3.9438,7.5523,3.1383,2.8337,5.3835
201003,7.0506,8.1006,8.8878,5.3357,6.7391,7.6899
201004,4.1833,6.1395,9.3935,0.9807,2.3956,1.3958
201005,-6.0381,-7.0511,-10.4467,-7.4411,-8.4347,-7.8024
201006,-5.9879,-7.4389,-10.9769,-4.5791,-5.323,-8.5836
201007,6.9198,6.6836,7.2295,6.6974,7.7879,5.8559
201008,-6.8668,-7.908,-8.5782,-4.0973,-3.9644,-6.2888
201009,14.1323,12.5607,11.0295,10.0361,9.0306,6.9056
201010,4.7877,4.0627,3.6055,4.6437,3.7246,0.6481
201011,3.5466,4.2523,3.2658,0.5324,0.4201,-0.9943
201012,7.0784,8.3118,9.5181,4.9105,7.8252,10.0827
201101,-0.3327,-0.1118,0.482,2.0642,2.5075,2.8697
201102,5.0155,5.4222,5.4009,2.6226,4.2429,4.4073
201103,3.4978,2.5217,1.9283,0.1018,1.4605,-1.4292
201104,3.496,2.0662,1.0287,3.6683,2.8444,1.1087
201105,-1.5599,-2.0347,-3.397,-0.536,-1.5307,-2.8282
201106,-1.9844,-1.8829,-1.9619,-1.4872,-1.6806,-2.1289
201107,-4.4699,-3.97,-3.4073,-0.8948,-2.6131,-4.4229
201108,-8.9885,-9.092,-9.8645,-4.1316,-6.4952,-8.1329
201109,-11.0398,-11.5458,-10.9564,-6.3412,-7.4113,-9.3369
201110,15.5261,15.7129,13.2344,9.9704,12.3648,11.9142
201111,-1.8651,-0.1093,-0.25,-0.2262,1.0502,-2.5383
201112,-0.4894,0.5696,1.1734,-0.1642,1.8865,1.6531
201201,7.9532,7.0818,5.8473,5.6153,3.2899,5.5342
201202,3.4033,2.4147,2.8384,4.6926,3.7542,5.4466
201203,2.4855,2.948,2.7628,3.783,0.9857,5.2464
201204,-1.3546,-2.1234,-0.9655,-0.5746,-0.411,-1.9023
201205,-6.213,-6.5821,-6.0773,-5.6569,-6.2556,-7.0235
201206,5.8424,4.3935,4.6005,2.7984,4.8014,4.9197
201207,-3.0247,-0.7342,-1.8171,1.2481,1.3832,-0.4658
201208,3.062,3.5795,3.3925,2.4428,1.7002,4.6657
201209,3.1724,3.7176,3.8972,1.8627,3.228,4.1853
201210,-3.9398,-1.272,-0.7444,-2.6356,-1.6528,1.7563
201211,0.9773,1.0289,0.7303,1.1787,0.2876,-0.5011
201212,2.6329,3.413,4.4106,-0.2297,1.1633,5.0999
201301,7.0522,6.1216,5.9534,4.5996,5.824,7.5323
201302,1.0891,0.7631,0.9996,1.3256,1.4489,1.4178
201303,5.3683,4.3456,4.5522,3.6879,4.235,3.9812
201304,-0.829,-1.0825,0.0029,1.6855,1.673,2.0407
201305,5.1612,5.4451,5.0141,2.0441,1.274,7.2945
201306,0.0057,-0.047,-0.3091,-1.8129,-0.3134,-1.8693
201307,7.414,7.1918,7.8117,5.5534,5.0166,6.2628
201308,-0.8819,-3.6395,-3.8182,-1.7389,-3.1524,-4.3624
201309,6.0257,6.7576,5.5214,4.1676,3.0094,2.3039
201310,1.1286,2.9675,4.0682,4.4981,4.2829,3.8494
201311,4.888,4.1148,4.3268,3.3632,1.8582,4.3975
201312,1.9879,2.5958,1.7671,2.4257,3.3758,2.0499
201401,-0.1452,-4.2073,-3.7014,-3.1493,-3.7513,-3.759
201402,3.9536,4.9113,5.0121,5.0192,4.6761,3.1815
201403,-3.3728,1.1194,1.4527,-0.8554,1.2215,4.4959
201404,-6.1426,-3.1006,-2.8891,0.2703,1.0474,-0.7036
201405,-0.6433,0.8587,0.0439,2.4958,1.9755,1.2841
201406,7.2364,4.8816,4.4897,1.7456,2.6484,3.0196
201407,-6.3015,-6.2824,-5.4054,-1.4398,-1.5223,-2.3238
201408,5.0641,4.0127,4.5161,4.9729,3.1326,4.3868
201409,-4.7094,-5.4375,-6.4312,-1.1902,-2.0136,-1.905
201410,7.4129,5.8639,5.3223,2.8098,1.5885,1.5233
201411,1.7353,-0.3683,-0.8716,3.794,2.4716,0.4229
201412,2.38,2.527,3.2995,-1.2085,-0.203,2.0113
201501,-2.975,-4.8089,-5.1063,-1.5549,-3.2666,-6.3582
201502,7.4759,6.8499,5.1275,6.6039,5.8353,5.4116
201503,2.1299,1.7142,1.1173,-1.3323,-1.6251,-1.2266
201504,-3.1616,-1.9548,-0.7363,0.266,1.2573,1.5365
201505,3.1244,2.4268,0.8501,1.3112,1.3505,0.9272
201506,2.4437,0.3013,0.5187,-1.7012,-2.0598,-1.3926
201507,-0.2772,-2.4187,-5.6146,3.0555,0.9593,0.1214
201508,-8.9313,-4.7236,-3.2525,-6.2457,-5.6046,-6.5345
201509,-7.7339,-4.5454,-4.8528,-2.248,-2.8917,-4.0762
201510,4.4412,6.6255,5.8869,7.9612,8.6144,6.3272
201511,5.785,3.2656,3.6719,0.4726,-0.2447,1.5626
201512,-3.8008,-5.0172,-6.7584,-1.3036,-2.357,-3.4799
201601,-13.835,-7.8312,-6.8373,-5.1813,-5.1711,-7.9861
201602,-0.6755,0.9498,0.5289,0.0001,0.6071,-2.1576
201603,7.9088,7.7873,8.5633,6.6001,6.7742,8.2262
201604,2.4626,1.1467,3.7372,-0.6256,1.3485,4.6027
201605,2.3323,1.2783,0.2282,2.1284,1.8455,0.635
201606,0.5508,-0.6882,0.1172,0.0445,0.4664,-2.494
201607,7.0006,5.7848,5.8758,4.8205,2.238,3.6809
201608,0.9593,2.7073,3.476,-0.4012,0.2611,3.7631
201609,3.3451,1.4293,1.2139,0.4822,-0.1682,-0.3597
201610,-8.2774,-5.0229,-3.0264,-2.0921,-2.1355,0.9849
201611,8.8017,12.377,14.8038,1.7997,5.4058,12.3463
201612,-0.4795,2.8108,4.5617,1.2863,1.9137,3.4622
201701,1.9757,-0.1313,-0.5354,3.2682,0.7638,0.4292
201702,3.6506,1.0319,0.343,4.3967,2.4813,4.1267
201703,2.3495,-0.0979,-0.3764,1.0804,-0.275,-2.5247
201704,1.7372,1.5273,0.7845,2.0193,0.6919,-0.8419
201705,-0.8871,-1.5948,-3.8419,2.9613,-0.0713,-1.5933
201706,4.7793,3.0097,3.2343,-0.1261,0.6311,4.0587
201707,0.7244,0.5637,0.6212,2.5578,1.4954,2.1099
201708,-0.5037,-2.1679,-2.4947,1.4075,-0.3072,-1.1279
201709,5.7028,8.2298,8.3362,1.3179,2.6387,4.7241
201710,0.3241,0.3279,0.7679,3.4002,1.0842,2.7898
201711,2.4043,2.8135,2.6792,3.4529,3.1135,3.2194
201712,0.8497,-0.6541,0.0773,0.9424,1.2116,1.9324
201801,3.1918,3.0639,1.7192,6.6576,5.2027,5.3057
201802,-3.0855,-3.643,-3.8733,-2.4756,-4.8757,-4.0924
201803,1.1207,0.9226,1.9486,-2.2887,-2.3055,-3.2793
