Month,SMALL LoDP,ME1 DP2,SMALL HiDP,BIG LoDP,ME2 DP2,BIG HiDP
192707,4.79,5.83,4.65,7.87,8.46,6.03
192708,-0.4,0.2,0.46,3.3,2.11,2.08
192709,1.66,4.36,0.54,4.81,5.11,4.18
192710,-2.15,0.08,-1.87,-4.87,-3.57,-2.88
192711,10.91,6.62,8.23,6.68,6.56,8.47
192712,5.32,4.91,4.57,1.55,2.16,5.38
192801,6.38,1.76,3.64,-0.72,-0.2,-3.04
192802,-4.08,-1.98,-2.36,-2.34,-0.54,-0.36
192803,10.4,5.83,6.75,8.54,9.91,5.98
192804,11.82,3.09,6.3,3.64,3.1,5.19
192805,3.25,3.54,4.98,0.82,1.97,2.86
192806,-7.34,-5.63,-7.64,-3.86,-3.81,-4.42
192807,2.2,1.26,-1.89,1.39,0.83,-0.2
192808,4.71,7.67,2.55,9.69,6.03,6.53
192809,1.95,3.15,4.64,2.77,3.04,2.98
192810,9.29,2.39,1.59,2.44,1.48,-0.18
192811,7.72,11.22,6.04,17.05,9.45,9.78
192812,-0.33,1.55,0.35,1.26,-0.09,3.06
192901,6.51,0.79,0.97,4.27,6.22,5.21
192902,-1.74,-0.93,4.34,-1.27,0.24,0.92
192903,-3.52,-4.88,-4.98,-0.83,0.18,-0.75
192904,2.2,2.65,0.12,3.19,1.61,-1.68
192905,-9.9,-8.3,-9.42,-2.89,-5.7,-7.92
192906,6.62,9.98,6.25,14.18,9.2,5.82
192907,2.82,2,0.33,5.48,4.44,2.18
192908,-2.21,3.13,0.29,11.53,8.91,3.39
192909,-2.45,-5.02,-2.62,-3.52,-5.76,-5.05
192910,-22.59,-19.24,-14.78,-24.81,-12.89,-13.44
192911,-17.56,-9.58,-8.97,-14.2,-11,-2.68
192912,2.05,-0.63,-3.49,4.2,0.45,-3.81
193001,4.16,7.64,6.74,6.37,4.14,3.83
193002,-0.12,1.39,2.69,3.4,2.1,1.92
193003,8.33,6.1,7.37,8.21,6.39,3.87
193004,-4.08,-2.29,-3.47,1.14,-4.33,-10.58
193005,-1.09,-2.97,-1.53,-2,0.19,1.41
193006,-18.51,-15.23,-13.69,-17.87,-12.21,-13.2
193007,5.78,3.96,5.17,3.67,5.1,4.47
193008,0.33,-2.87,-3.94,1.93,-0.72,-6.07
193009,-10.13,-12.84,-16.23,-11.35,-11.85,-15.2
193010,-6.53,-9.76,-7.99,-7.94,-8.8,-11.02
193011,-4.57,-2.6,0.35,-2.69,-2.18,-0.03
193012,-7.78,-10.82,-13.98,-6.16,-7.08,-12.3
193101,3.7,9.88,13.38,4.43,8.19,6.86
193102,7.79,10.62,16.42,9.77,9.57,15.56
193103,-6.22,-4.3,-7.25,-5.74,-6.85,-6.02
193104,-11.01,-13.33,-16.46,-8.44,-8.94,-18.02
193105,-4.95,-10.19,-11.57,-12.5,-14.07,-16.42
193106,3.33,9.56,13.39,13.02,14.54,19.29
193107,-5.35,-7.19,-7.55,-5.49,-7.05,-11.17
193108,-4.57,-0.42,-1.08,0.25,-0.73,2.88
193109,-30.18,-27.94,-32.55,-27.94,-27.83,-34.79
193110,5.36,11.33,9.91,8.99,4.95,12.15
193111,-3.66,-10.3,-5.18,-6.83,-12.05,-9.56
193112,-15.3,-14.89,-18.29,-11.02,-16.07,-19.91
193201,0.05,2.42,8.96,-2.86,-0.07,1.39
193202,2.02,4.22,-4.42,6.66,3.99,2.27
193203,-9.16,-10.34,-10.68,-8.95,-14.31,-11.61
193204,-15.81,-15.15,-18.83,-17.07,-19.49,-18.27
193205,-16.3,-21.27,-21.15,-18.83,-23.1,-21.49
193206,7.72,1.8,5.34,-2.42,1.03,3.81
193207,26.25,31.38,42.71,24.32,36.3,55.58
193208,50.29,50.9,54.44,27.85,36.6,52.86
193209,-11.1,-4.62,-5.38,-2.69,-3.51,0.46
193210,-17.2,-17.12,-19.58,-8.17,-13.48,-21.47
193211,-7.15,-6.36,-6.52,-4.69,-6.01,-6.62
193212,-3.59,-3.02,-4.67,3.43,6.54,5.5
193301,-1.36,5.2,8.95,-0.57,1.51,8.31
193302,-15.31,-16.43,-16.46,-12.58,-15.88,-19.65
193303,11.61,2.39,10.81,-0.88,4.72,9.55
193304,42.55,40.51,52.19,27.23,44.19,49.88
193305,58.58,45.39,49.11,16.39,18.35,26.85
193306,21.19,17.9,17.04,10.07,12.77,18.06
193307,-13.49,-7.52,-8.45,-10.51,-7.83,-6.54
193308,14.53,7.51,7.92,17.58,11.45,4.14
193309,-9.92,-6.99,-5.56,-11.64,-7.52,-7.34
193310,-14.68,-5.69,-7,-6.89,-5.74,-6.88
193311,7.68,4.53,3.22,18.98,8.17,3.95
193312,7.27,7.19,3.26,7.07,-0.31,-1.56
193401,24.32,23.43,13.94,10.32,9.83,8.07
193402,-2.48,-4.53,3.12,-2.92,-3.08,0.08
193403,3.42,6.68,4.7,-0.46,0.11,0.6
193404,-1.83,1.16,1.6,-3.21,-0.74,0.66
193405,-9.49,-6.14,-4.29,-8.8,-4.55,-3.63
193406,2.53,3.96,4.93,2.25,3.13,2.67
193407,-18.09,-19.44,-11.46,-10.69,-7.46,-6.48
193408,7.68,14.56,4.04,6.55,5.51,2.22
193409,2.75,2.22,-1.46,-1.96,0.39,0.72
193410,5.12,0.73,-1.72,-2.84,0.18,-0.98
193411,11.16,8.75,7.96,9.55,9.55,3.46
193412,2.36,6.16,-2.21,2.3,0.87,-2.2
193501,-4.33,-1.86,-0.25,-3.33,-2.71,-1.59
193502,0.26,1.27,-4.26,-1.79,-0.13,-0.43
193503,-1.92,-4.67,-5.77,-3.66,-3.76,-1.3
193504,4.31,7.46,5.81,12.15,7,7.91
193505,1.74,4.89,-0.17,3.67,2.41,5.09
193506,8.93,3.27,6.14,5.4,5.4,6.54
193507,5.37,10.33,2.96,6.39,6.93,5.43
193508,2.21,0.79,4.75,2.48,1.72,1.74
193509,4.23,6.16,0.19,3.96,2.12,1.94
193510,9.09,8.45,5.96,6.7,7.16,4.72
193511,8.57,7.52,3.86,2.98,2.49,7.26
193512,12.18,1.61,9.17,4.02,4.26,1.92
193601,3.23,3.23,3.12,6.51,6.04,5.75
193602,7.7,2.82,0.8,2.01,1.03,2.59
193603,2.86,3.36,1.68,0.75,2.99,-2.65
193604,-12.31,-8.65,-8.67,-7.07,-7.65,-5.72
193605,5.75,5.67,1.73,4.9,4.25,6.01
193606,2.44,0.06,3.36,2.9,3.7,2.6
193607,10.67,5.99,5.87,8.56,5.46,3.83
193608,0.33,1.36,0.87,1.46,0.14,0.47
193609,3.75,6.54,1.54,-0.08,1.44,0.62
193610,4.99,3.57,8.25,10.74,6.09,4.67
193611,8.22,7.17,7.63,3.62,3.15,1.8
193612,5.91,1.91,-2.01,1.99,-1.01,-3.31
193701,4.82,4.98,5.36,3.69,0.91,2.53
193702,0.73,3.15,-0.76,2.22,-0.17,-1.65
193703,-3.06,1.41,-0.87,1.39,-2.37,-3.16
193704,-8.32,-9.84,-7.31,-7.54,-5.25,-6.24
193705,-1.25,-0.36,-0.41,0.23,-0.61,-0.53
193706,-8.95,-7.35,-3.33,-2.41,-4.56,-4.06
193707,6.73,8.98,7.7,8.16,7.9,11.34
193708,-6.76,-2.63,-2.81,-5.48,-4.35,-2.98
193709,-20.43,-19.11,-15.89,-15.09,-9.06,-11.68
193710,-11.49,-10.07,-8.78,-10.17,-7.18,-9.98
193711,-10.79,-11.47,-12.23,-8.05,-6.62,-10.99
193712,-11.1,-8.8,-10.1,-0.79,-3.87,-10.62
193801,2.83,4.62,5.61,-1.65,0.37,7.32
193802,9.58,6.2,4.91,7.59,3.79,4.62
193803,-30.9,-25.06,-25.22,-25.35,-20.2,-23.81
193804,23.12,15.06,18.75,13.68,14.41,13.96
193805,-8.97,-4.46,-5.56,-5.23,-1.23,-4.13
193806,29.66,24.7,24.53,27.47,17.29,26.43
193807,16.26,11.94,13.69,6.21,6.8,10.38
193808,-7.37,-2.55,-5.55,-2.89,-1.53,-4.02
193809,-3.9,-2.94,-1.41,1.64,0.95,-0.7
193810,15.51,13.86,10.58,7.53,5.51,12.43
193811,-4.98,-3.2,-2.82,-1.4,-1.57,-1.67
193812,5.01,4.02,2.28,4.86,3.27,3.07
193901,-7.83,-9.01,-7.21,-7.21,-3.85,-7.19
193902,4.65,5.67,6.16,1.62,4.08,6.41
193903,-22.46,-15.6,-13.92,-12.2,-9.52,-13.19
193904,-0.99,-0.82,-0.18,-1.49,0.48,-0.13
193905,9.09,11.46,8.76,6.36,6.32,8.56
193906,-8.92,-6.2,-4.13,-5.93,-4.17,-5.67
193907,14.65,10.99,12.91,9.57,8.66,9.24
193908,-11.24,-9.19,-9.1,-5.8,-5.55,-6.97
193909,25.13,26.8,15.84,17.6,10.12,12.06
193910,1.31,1.56,6.08,-1.43,0.91,0.55
193911,-4.39,-5.65,-2.61,-3.56,-1.27,-3.13
193912,3.72,4.07,2.57,3.13,3.11,2.2
194001,-2.27,-0.73,1.08,-3.12,-1.24,0.81
194002,5.11,3.34,2.22,1.61,1.24,-0.04
194003,5.5,1.73,3.08,2.3,1.68,0.61
194004,1.36,3.04,3.08,-0.56,0.2,0.33
194005,-23,-22.04,-27.04,-22.11,-19.69,-23.09
194006,6.4,5.07,4.9,4.8,7.41,7.81
194007,6.39,3.42,5.73,2.72,3.33,4.59
194008,1.89,2,3.03,1.22,2.2,5.58
194009,6.25,4.63,3.77,2.3,2.15,3.09
194010,5.17,4.56,2.8,2.14,2.63,3.84
194011,0.31,2.25,3.13,-1.75,-2.68,1.75
194012,-0.65,-1.95,-1.75,1.42,1.15,-1.48
194101,-4.04,0.01,-0.53,-4.02,-3.02,-7.02
194102,-1.36,-2.68,-1.44,-2.28,-0.87,0.85
194103,1.68,2.66,1.07,1.21,0.51,0.13
194104,-4.73,-4.16,-6.6,-5.01,-4.78,-8.22
194105,1.69,2.47,0.46,2.18,-0.07,1.85
194106,5.61,6.69,3.63,6.78,5.1,4.04
194107,13.43,8.84,9.07,5.3,5.58,5.23
194108,-0.62,-1.94,-0.79,-0.5,0.17,0.87
194109,-0.97,0.52,-1.8,-0.61,-2.22,1.14
194110,-6.46,-5.04,-5.14,-4.03,-6.34,-7.06
194111,-2.85,-2.55,-1.81,-0.93,-2.97,-3.32
194112,-8.58,-5.53,-8.75,-4.98,-0.77,-9.43
194201,10.45,6.95,10.25,-2.58,3.03,6.26
194202,0.92,-1.49,-0.94,-3.98,-1.81,1.21
194203,-5.1,-3.39,-3.41,-7.48,-6.74,-3.57
194204,-3.78,-4.05,-2.74,-3.93,-5.64,-3.49
194205,2.75,1.63,2.87,6.75,4.56,7.58
194206,-0.1,2.31,1.54,3.18,2.47,1.98
194207,4.96,4.2,4.02,2.81,3.91,4.42
194208,2.63,3.23,1.99,1.05,2.57,1.87
194209,4.82,1.22,3.57,2.54,2.5,3.05
194210,10.97,6.9,7.78,5.82,6.31,11.07
194211,-1.21,0.15,-1.89,1.44,-0.32,-2.36
194212,6.17,3.34,2.16,6.05,4.32,5.4
194301,12.96,11.17,15.37,6.12,6.61,9.89
194302,8.12,8.69,9.8,3.75,7.2,9.22
194303,13.74,10.9,11.44,5.16,4.99,9.66
194304,3.73,1.65,1.12,-0.08,1.08,-0.47
194305,9.28,8.86,7.84,5.72,4.87,5.75
194306,0.63,1.37,1.19,1.75,2.44,1.57
194307,-6.95,-6.07,-5.93,-5.65,-2.26,-4.65
194308,1.22,0.42,0.27,1.61,1.39,0.85
194309,3.58,4.09,1.99,2.34,2.14,2.38
194310,-1.86,-0.85,0.39,-1.8,-0.74,0.63
194311,-9.14,-6.89,-7.63,-5.6,-4.8,-6.94
194312,8.44,9.54,7.76,6.48,5.51,5.84
194401,3.3,4.03,5.05,0.68,2.36,3.11
194402,0.82,0.73,2.48,0.02,0.37,1.79
194403,5.3,2.23,3.4,2.72,1.9,2.17
194404,-2.74,-2.7,-2.13,-1.64,-0.95,-2.31
194405,8.19,6.49,6.94,5.39,4.17,4.4
194406,9.92,8.18,9.59,4.7,5.23,6.34
194407,-2.19,-1.43,-0.34,-2.33,-0.57,-0.88
194408,2.59,3.89,2.86,1.6,1.11,1.74
194409,-0.66,0.44,1.7,-0.13,-0.15,1.35
194410,-0.85,0.28,1.78,-0.21,0.76,0.99
194411,2.44,2.78,2.68,1.34,1.63,3.14
194412,7.88,6.36,7.24,3.16,2.98,7.26
194501,3.73,3.24,5.09,1.91,1.36,2.13
194502,8.99,8.34,8.5,5.86,5.36,7.65
194503,-6.83,-4.62,-4.8,-4.09,-2.84,-4.12
194504,10.06,8.55,7.64,8.11,6.37,8.55
194505,2.4,2.21,2.16,1.41,2.04,1.26
194506,3.4,0.44,3.33,-1.48,0.57,2.61
194507,-5.1,-3.36,-2.55,-2.29,-1.97,-1.27
194508,9.7,7.34,5.63,9.74,5.67,2.94
194509,6.67,7.17,6.66,5.24,3.91,4.79
194510,6.61,5.69,7.21,2.66,3.69,4.82
194511,10.83,8.02,9.88,3.67,4.11,6.95
194512,2.74,3.14,2.15,2.09,1.22,-0.11
194601,9.11,8.99,8.82,6.32,4.81,6.39
194602,-7.93,-7.16,-4.73,-5.61,-5.91,-4.75
194603,9.14,6.48,5.23,6.51,6.89,3.94
194604,6.64,6.59,6.83,3.72,4.9,3.28
194605,5.98,6.05,5.54,3.41,3.78,4.1
194606,-6.23,-5.28,-4.5,-4.58,-3.59,-2.65
194607,-4.63,-4.75,-2.56,-2.79,-2,-2.36
194608,-8.84,-7.53,-5.87,-6.02,-5.92,-6.82
194609,-14.78,-13.8,-12.06,-10.28,-8.74,-9.61
194610,-2.63,-0.54,-0.35,-2.81,-1.02,-1.17
194611,-0.02,-0.69,0.85,0.36,-0.31,0.57
194612,5.45,6.77,3.62,5.57,5.54,3.58
194701,2.07,3.32,3.56,0.13,0.74,2.61
194702,-1.72,-0.17,0.37,-0.34,-1.66,-0.62
194703,-3.37,-2.56,-1.67,-1.32,-0.76,-2.15
194704,-10.08,-7.17,-6.34,-5.87,-4.01,-3.5
194705,-5,-3.8,-2.89,-0.38,0.55,-1.97
194706,6.15,5,3.12,7.47,6.41,2.05
194707,6.4,5.01,6.44,3.14,4.33,5.92
194708,-1.1,-1.47,-1.04,-1.98,-1.02,-2.45
194709,1.65,0.73,0.29,-0.98,-0.38,0.43
194710,3.54,2.61,4.54,2.32,3.16,0.99
194711,-2.26,-3.17,-3.13,-1.08,-2.33,-1.22
194712,3.65,1.05,0.15,3.46,3.18,2.42
194801,-3.51,-2.62,-1.09,-5.16,-3.4,-1.88
194802,-6.44,-5.89,-5.17,-4.19,-3.79,-5.13
194803,9.26,8.79,7.8,7.36,8.02,11
194804,2.94,2.48,2.88,3.57,3.95,3.51
194805,8.24,7.39,8.71,7.87,6.5,7.82
194806,-1.37,-0.67,-1.87,0.5,-0.09,-1.38
194807,-5.87,-5.02,-4.16,-6.15,-3.45,-4.68
194808,-0.73,-0.7,0.4,-0.22,0.78,1.5
194809,-4.41,-3.87,-3.51,-2.97,-2.27,-3.7
194810,6.46,4.37,3.95,7.52,4.64,4.91
194811,-12.36,-9.62,-8.73,-9.98,-7.62,-9.56
194812,2.68,0.41,-0.9,4.52,2.41,3.2
194901,0.2,2.11,2.88,-0.37,0.78,0.27
194902,-4.95,-3.02,-5.16,-2.87,-2.43,-3
194903,7.85,6.09,5.41,4.7,2.98,3.43
194904,-1.77,-2.74,-2.9,-1.33,-1.84,-2.89
194905,-4.1,-2.89,-3.88,-3.47,-2.03,-2
194906,-1.91,-0.8,-1.36,0.37,0.48,-0.45
194907,4.6,5.29,8.44,4.88,6.41,5.93
194908,2.34,3.62,3.4,2.84,2.72,1.78
194909,4.99,3.78,3.96,2.92,3.13,3.7
194910,4.89,3.27,3.9,2.77,3.74,3.76
194911,-0.29,0.37,2.32,1.95,1.63,3.62
194912,8.42,5.82,7.22,4.34,5.76,6.37
195001,3.58,3.36,7.18,1.12,1.33,3.65
195002,2.12,0.43,1.79,1.45,1.79,0.6
195003,0.36,-0.82,-0.94,2.06,1.62,-1.66
195004,5.86,4.73,5.93,3.25,4.78,5.69
195005,1.2,2.43,4.59,4.51,4.83,5.29
195006,-7.63,-7.27,-8.31,-6.24,-4.43,-6.08
195007,4,4.71,6.15,-1.9,3.43,2.53
195008,5.49,5.25,6.02,5.35,4.14,6.61
195009,5.36,5.29,4.89,5.16,3.85,7.25
195010,0.63,-0.06,-0.14,-0.21,0.16,-0.18
195011,4.44,1.92,2.72,4.11,2.48,0.52
195012,8.48,8.21,7.57,4.55,6.21,4.63
195101,8.35,8.71,7.92,4.34,5.88,7.93
195102,0.3,0.66,1.45,1.48,1.8,1.48
195103,-3.06,-3.39,-4.06,-1.64,-2.37,-1.17
195104,6.13,3.97,4.12,5.86,4.71,4.08
195105,-2.92,-1.88,-2.19,-1.68,-2.07,-3.7
195106,-5.66,-4.64,-5.46,-1.14,-2.05,-5.75
195107,6.9,5.6,4.72,7.96,5.65,6.4
195108,5.77,5.35,5.06,3.24,5.05,6.8
195109,2.03,2.91,2.64,0.21,0.77,2.11
195110,-3.6,-3.09,-1.02,-2.72,-1.82,-1.91
195111,1.44,0.43,0.51,0.42,0.57,1.89
195112,2.13,0.93,0.11,4.7,2.83,1.68
195201,2.96,1.12,1.72,1.66,1.93,0.67
195202,-3.01,-1.72,-1.51,-2.75,-2.53,-1.9
195203,2.8,2.69,1.99,4.73,4.33,5.61
195204,-5.18,-3.71,-4.65,-5.49,-3.71,-4.52
195205,2.32,2.37,2.73,3.59,3.12,3.26
195206,3.88,2.49,2.02,3.94,3.84,4.93
195207,-0.37,1.4,1.25,0.66,1.45,1.66
195208,1.02,0.32,0.75,-1.35,-0.16,0.58
195209,-1.18,-1.06,-1.05,-1.9,-1.73,-2.87
195210,-2.05,-1.58,-1.31,-0.86,0.13,-1.7
195211,6.48,5.46,5.17,6.47,5.48,7.11
195212,2.13,2.04,1.41,2.99,3.06,4.2
195301,1.37,3.31,4.98,-1.12,-0.16,2.35
195302,1.75,2.14,1.81,-0.21,-0.31,-0.45
195303,-1.44,-1.23,-1.93,-0.67,-1.62,-4.03
195304,-2.5,-1.73,-1.98,-3.14,-2.28,-2.39
195305,0.87,0.26,1.16,0.77,0.62,0.46
195306,-3.34,-3.39,-3.38,-1.53,-1.27,-3.68
195307,1.7,1.66,1,3.03,2.36,2.01
195308,-6.18,-3.69,-4.94,-3.79,-4.2,-6.77
195309,-0.67,-0.57,-1.51,1.53,-0.1,-1.5
195310,5,3.66,2.53,4.93,4.43,6.15
195311,2.25,1.47,1.84,4.12,2.24,1.38
195312,-0.77,-0.2,-2.2,0.89,0.23,-2.54
195401,6.73,5.68,7.05,3.86,5.99,7.23
195402,1.19,1.78,1.33,1.7,1.89,1.35
195403,2.33,3.2,2.24,4.85,2.73,4.25
195404,1.44,2.21,0.32,5.17,4.25,3.68
195405,4.49,3.99,4.48,2.47,3.03,6.37
195406,1.84,1.81,1.3,2.39,0.1,0.13
195407,6.97,8.33,6.19,2.77,6.68,6.83
195408,0.03,-0.38,0.06,-3.12,-1.62,-3.25
195409,5.11,4.26,3.94,6.12,7.31,5.1
195410,0.03,-0.52,-0.76,-2.25,-1.37,-0.22
195411,11.06,7.91,8.86,11.42,7.47,10.98
195412,8.21,8.66,9.35,4.28,5.27,11.28
195501,1.95,0.55,2.03,-0.49,1.27,2.25
195502,4.42,4.41,4.97,3.76,2.15,3.61
195503,0.79,-1.04,0.39,0.46,-0.82,0.83
195504,0.78,2.54,1.75,4.17,2.82,2.58
195505,0.25,1.52,-0.64,2.62,-0.15,0.51
195506,2.99,2.71,3.55,6.9,7.52,4.61
195507,0.33,1.01,1.25,-0.95,5.4,1.43
195508,0.5,-0.44,1.32,1.48,-1,3.03
195509,0.51,-0.53,-1.1,-0.59,0.37,-0.47
195510,-1.11,-1.06,-0.46,-3.23,-2.19,-0.37
195511,7.42,4.44,4.05,8.08,6.79,5.85
195512,2.58,3.25,1.61,3.02,0.11,2.26
195601,-1.61,-2.39,-1.47,-4.06,-1.73,-2.57
195602,3.3,3.94,2.63,5.04,3.29,2.81
195603,5.78,3.9,3.14,8.3,6,3.71
195604,1.45,0.64,0.49,1.67,-0.89,2.07
195605,-2.86,-4.73,-3.78,-5.86,-4.08,-5.22
195606,2.16,1.87,1.9,4.98,2.75,2.55
195607,2.97,3.65,3.5,5.47,4.77,4.41
195608,-2.32,-0.93,-0.48,-4.56,-1.32,-0.47
195609,-3.61,-2.72,-2.76,-6.7,-3.05,-3.15
195610,1.73,0.83,0.5,1.14,0.44,0.4
195611,0.43,0.89,0.99,0.4,0.78,0.53
195612,3.98,3.73,0.19,4.5,2.35,2.21
195701,-0.06,0.12,1.95,-4.51,-2.56,-2.2
195702,-3.19,-2.71,-2.12,-1.47,-2.06,-2.59
195703,2.32,2.78,1.57,2.98,1.24,3.07
195704,2.4,2.84,1.9,5.69,3.66,1.87
195705,3.31,1.95,0.59,5.45,1.97,0.38
195706,0.04,-0.32,-0.42,0.11,-1.25,-1.13
195707,0.53,-0.05,1.13,0.84,1.2,0.21
195708,-5.77,-4.39,-4.14,-5.92,-2.83,-4.97
195709,-6.99,-5.09,-3.76,-6.58,-4.14,-5.67
195710,-9.43,-6.17,-5.74,-3.92,-3.23,-5.08
195711,2.24,2.69,0.18,4.04,0.7,-1.12
195712,-4.44,-4.11,-5.48,-3.93,-2.17,-6.23
195801,9.48,9.88,11.59,2.95,6.22,10.53
195802,-2.1,0.39,-0.34,-2.29,0.06,-1.51
195803,4.28,3.19,3.7,3.7,2.69,3.5
195804,3.36,1.95,2.94,2.67,3.85,4.39
195805,6.07,4.53,2.92,1.44,3.37,3.44
195806,3.48,3.12,2.48,3.36,2.4,2.44
195807,6.11,4.63,7.42,4,4.05,8.96
195808,3.08,3.37,2.21,2.13,1.29,2.68
195809,5.72,4.06,6.64,4.64,4.86,6.04
195810,3.75,2.68,2.48,2.6,2.64,2.71
195811,4.94,4.11,4.06,3.64,2.32,2.55
195812,2.18,3.9,3.81,5.43,5.92,3.75
195901,4.28,5.47,6.01,-0.74,1.84,4.31
195902,3.77,3.91,2.7,0.77,1.01,3.04
195903,1.92,2.54,0.49,1.24,-0.2,-1.06
195904,2.71,3.02,3.11,4.11,3.68,3.68
195905,-0.39,0.36,1.59,2.55,1.54,2.41
195906,1.05,0.53,1.72,-0.13,-0.09,0.73
195907,2.97,3.99,1.65,3.29,3.9,1.9
195908,-3.08,-0.56,-0.72,-1.93,-0.23,-1.4
195909,-4.91,-3.54,-3.85,-4.49,-4.6,-3.85
195910,2.64,3.41,0.65,2.16,0.74,0.89
195911,2.75,0.96,1.82,4.32,-0.07,-0.3
195912,4.49,2.57,0.67,2.96,3.24,1.48
196001,-6.18,-4.04,-0.95,-9,-5.68,-2.68
196002,1.22,0.64,1.23,1.84,1.44,-0.28
196003,-2.73,-2.34,-2.64,-0.53,-1.76,-1.41
196004,-2,-2.2,-0.9,-1.55,-1.71,-0.25
196005,5.2,1.87,1.45,5.76,1.3,0.2
196006,1.08,3.21,1.68,1.85,2.74,3.36
196007,-3.37,-2.03,-0.21,-4.51,-0.68,0.07
196008,3.9,3.61,2.19,2.29,4.13,2.71
196009,-8.2,-4.87,-5.24,-6.94,-5.23,-3.74
196010,-5.66,-2.13,-1.45,-1.08,0.48,-0.19
196011,7.34,4.72,3.09,6.53,4.1,1.76
196012,3.99,4.26,1.56,4.2,5.66,4.78
196101,5.85,7.89,9.71,3.96,7.26,10.28
196102,8.26,6.34,5.79,3.74,3.72,1.42
196103,7.33,5.17,3.81,2.96,2.93,1.85
196104,0.39,2.28,0.02,-0.36,0.5,2.49
196105,4.15,5.55,4.77,3.44,2.07,1.61
196106,-5.89,-5.23,-4.01,-1.98,-2.92,-3.44
196107,0.93,0.54,1.43,1.61,4.29,3.73
196108,0.74,0.81,1.29,4.39,2.49,0.53
196109,-4.78,-2.56,-2.65,-1.74,-2.21,-0.56
196110,0.77,3.34,0.66,3.43,2.18,3.43
196111,6.69,5.42,3.77,3.28,5.46,5.11
196112,-1.08,0.16,-0.01,-1.89,0.68,2.41
196201,-1.98,-0.5,1.75,-5.67,-4.08,1.08
196202,0.3,0.97,2.05,1.19,2.98,1.26
196203,-1.43,0.14,-1.38,-0.02,-0.88,-0.07
196204,-9.92,-5.66,-5.27,-8.21,-5.21,-5.07
196205,-12.8,-9.81,-7.16,-11.33,-7.76,-3.38
196206,-10.36,-6.33,-6.17,-11.07,-7.41,-5.32
196207,7.9,6,3.84,8.71,5.09,3.93
196208,4.46,3.58,1.72,1.88,2.72,1.61
196209,-7.31,-5.97,-5.89,-6.48,-3.17,-3.87
196210,-3.85,-2.44,-1.64,0.55,0.88,0.63
196211,16.69,12.29,13.16,11.34,10.58,10.17
196212,-3.39,-0.04,-2.36,1.26,2.38,0.74
196301,8.23,7.91,9.3,4.46,4.32,7.85
196302,-2.66,-1.54,-0.15,-2.46,-1.97,-2.01
196303,1.29,1.89,2.18,2.54,3.94,5.14
196304,3.22,4.67,3.68,4.58,4.92,5.5
196305,4.28,3.19,3.7,2.19,0.45,5.12
196306,-1.38,-1.59,-1.69,-2.3,-0.83,-3.21
196307,-1.46,-1.21,-0.54,-0.28,0.2,-0.11
196308,6.15,4.67,3.39,5.99,4.6,6.19
196309,-2.11,-1.5,-0.42,-1.41,-1.26,-0.9
196310,2.79,1.64,1.36,3.27,1.6,6.49
196311,-1.56,-1.51,-0.24,-0.72,0.68,-3.57
196312,-0.14,1.44,0.62,3.18,2.24,0.5
196401,2.31,2.92,3.12,3.13,2.64,2.13
196402,1.74,2.52,3.37,2.02,1.58,1.58
196403,3.49,2.53,4.09,1.62,1.02,3.46
196404,-0.42,-0.73,-0.21,-0.54,1.21,1.31
196405,2.79,1.31,1.35,1.94,1.35,2.29
196406,1.51,1.58,1.26,1.4,1.71,1.68
196407,2.12,2.13,2.93,0.61,2.75,4.53
196408,0.02,-0.06,-0.27,-1.82,-1.26,0.96
196409,3.13,2.94,3.07,2.13,3.6,3.26
196410,1.29,1.7,1.82,-0.37,2.16,0.42
196411,0.06,0.2,-0.11,0.24,1.07,-1.13
196412,-0.22,-0.13,-0.86,0.94,-0.22,0.56
196501,6.93,5.04,5.81,4.33,2.75,3.89
196502,3.98,4.19,2.89,1.81,-0.89,-0.27
196503,0.98,1.34,0.82,-1.29,-1.68,0.6
196504,4.51,5.22,3.72,3.92,2.11,4.55
196505,-0.18,-0.86,-0.99,0.03,0.08,-2.3
196506,-10.14,-8.2,-6.59,-4.61,-4.13,-5.9
196507,4.07,2.96,2.66,2.19,0.75,2.2
196508,7.13,5.2,2.9,3.98,1.78,2.84
196509,4.56,3.84,1.82,3.46,2.87,3.15
196510,6.79,5.92,4.64,2.96,1.52,4.73
196511,5.56,4.01,2.61,1.76,-1.06,-2.6
196512,4.23,2.98,3.58,1.49,0.45,1.52
196601,5.81,5.07,5.6,0.88,-0.08,1.75
196602,3.04,2.43,1.91,-0.47,-2.01,-1.72
196603,-1.6,-1.6,-3.05,-0.32,-3.15,-4.18
196604,6.63,5.16,3.45,3.59,1.68,-1.19
196605,-10.42,-9.1,-7.28,-4.51,-4.26,-6.15
196606,0.92,0.11,-0.69,-1.06,-1.58,-1.44
196607,-1.06,-0.9,-0.65,-2.33,-0.68,-0.38
196608,-11.64,-9.78,-7.86,-7.94,-6.87,-6.82
196609,-1.99,-1.08,-0.79,-2.22,0.75,0.07
196610,-2.19,0.92,0.42,2.45,7.67,4.76
196611,8.75,2.69,0.1,7.39,-1.2,-3.76
196612,4.25,1.43,0.97,-0.43,1,0.5
196701,17.63,13.95,15.39,7.9,6.18,10.15
196702,3.94,2.62,1.91,3.17,-0.12,-1.42
196703,7.25,7.15,4,4.8,3.34,4.22
196704,5.27,4.15,2.49,6.06,2.48,3.83
196705,-1.3,-0.89,-1.76,-5.01,-3.76,-3.72
196706,9.64,7.33,5.33,2.64,1.9,0.43
196707,7.33,9.44,7.18,3.68,4.16,6.14
196708,-1.18,0.91,1.46,-0.96,-0.89,0.04
196709,6.78,5.32,3.31,3.92,2.41,2.95
196710,-2.74,-2.1,-3.29,0.33,-4.55,-4.63
196711,2.09,0.59,-0.18,2.32,0,-0.54
196712,9.73,6.87,5.26,2.52,3.02,2.51
196801,-2.03,0.96,4.57,-7.51,-2.25,-0.24
196802,-6.44,-3.82,-1.86,-3.8,-2.66,-1.52
196803,-1.74,-0.29,-0.9,3.56,-0.97,-0.6
196804,17.92,12.29,10.56,11.81,6.56,6.45
196805,9.54,8.02,6.35,3.72,0.52,0.71
196806,0.21,1.3,3.54,-0.78,2.89,2.31
196807,-4.58,-2.85,-0.23,-5.77,-1.24,1.02
196808,4.4,5.01,1.63,1.53,1.74,1.44
196809,7.11,6.58,4.88,2.39,5.43,4.06
196810,0.63,2.32,2.95,-2.21,1.98,2.97
196811,8.02,7.69,6.41,6.7,5.47,4.45
196812,-1.1,-1.14,0.22,-4.91,-3.83,-3.27
196901,-1.1,-1.39,0.3,-2,-0.74,0.6
196902,-9.27,-7.06,-5.64,-4.36,-5.09,-4.12
196903,3.75,2.48,0.34,4.2,2.73,2.68
196904,1.76,0.69,-0.18,3.24,1.76,1.39
196905,1.1,-0.37,0.13,-0.29,0.36,1.01
196906,-12.73,-10.48,-8.55,-3.05,-7.15,-6.61
196907,-10.67,-9.05,-5.98,-5.07,-7.65,-5.48
196908,8.82,5.13,1.47,7.57,4.53,2.18
196909,-0.08,-1.01,-3.29,-0.78,-3.84,-3.42
196910,9.07,7.05,6.27,6.26,5.06,3.76
196911,-4.87,-5.12,-4.12,-1.95,-3.85,-3.54
196912,-3.27,-5.37,-4.89,0.47,-1.7,-3.26
197001,-6.9,-4.1,-0.5,-8.05,-9.35,-4.83
197002,3.53,3.53,4.82,4.15,7.08,7.01
197003,-3.13,-1.02,1.66,-2.7,0.64,2.82
197004,-18.69,-12.57,-8.37,-11.05,-9.5,-6.93
197005,-12.28,-9.03,-7.1,-8.65,-5.31,-3.03
197006,-7.17,-6.43,-4.3,-6.56,-2.42,-5.55
197007,8.38,9.5,5.56,4.27,9.9,9.42
197008,5.76,5.4,7.34,4.25,4.19,6.82
197009,12.21,10.05,7.45,6.8,1.41,1.52
197010,-4.67,-4.8,-4.27,-0.56,-1.91,-1.08
197011,2.09,3.09,3.37,5.06,4.9,7.24
197012,9.87,9.83,10.42,4.9,7.18,6.29
197101,9.52,12.04,10,4.8,5.01,2.49
197102,4.39,2.63,2.41,2.24,0.58,1.59
197103,8.27,5.26,4.53,5.83,2.84,2.81
197104,4.71,3.4,3.58,3.89,3.09,3.55
197105,-3.71,-4.52,-5.1,-2.67,-4.12,-4.13
197106,0.54,-1.06,-1.72,1.02,0.72,-0.6
197107,-4.97,-4.01,-2.5,-4.73,-3.44,-2.83
197108,4.36,4.64,3.87,5.21,6.27,-0.37
197109,0.49,-0.64,-1.96,0.42,-0.79,-1.11
197110,-6.41,-4.49,-4.08,-3.83,-4.71,-2.29
197111,-2.28,-2.88,-1.6,1.2,-0.21,-0.29
197112,12.08,11.8,9.18,10.02,7.62,8.21
197201,7.85,6.08,6.76,3.28,1.05,0.8
197202,5.49,3.34,0.57,5.88,1.75,0.15
197203,0.79,-0.05,0.11,1.76,1.99,-2.07
197204,1,1.88,0.02,1.25,0.95,-1.11
197205,-0.56,-1.83,-1.92,4.2,-0.6,1.32
197206,-3.25,-2.41,-1.75,-0.81,-3.32,-2.15
197207,-3.85,-2.68,-0.19,1.37,-1.42,-0.41
197208,-0.65,2.47,2.93,0.23,6.18,7.87
197209,-3.2,-3.32,-1.23,0.07,-2.07,0.55
197210,-3.16,-0.64,2.11,0.62,0.78,2.24
197211,5.52,6.25,7.01,1.91,7.25,7.75
197212,-0.15,-1.18,-0.6,3.06,0.23,-0.5
197301,-5.83,-5.13,-3.14,-1.31,-5.39,0.09
197302,-10.29,-7.19,-3.29,-2.25,-4.64,-4.57
197303,-3.94,-2.23,-0.95,-0.87,-1.26,1.02
197304,-8.83,-4.93,-2.71,-6.16,-4.97,-0.31
197305,-9.32,-7.66,-3.76,-0.37,-1.81,-2.59
197306,-4.29,-2.91,-1.33,-0.25,-2.36,0.33
197307,15.73,12.44,4.83,6.27,3.1,1.65
197308,-4.59,-5.47,-3.74,-3.26,-2.75,-2.88
197309,9.75,12.43,7.35,1.12,9.59,7.92
197310,0.68,-1.49,-0.34,0.94,-0.87,-2.36
197311,-22.11,-19.44,-12.63,-10.78,-11.32,-11.84
197312,-1.84,-1.43,-1.71,-1.42,6.17,2.05
197401,8.38,11.61,9.94,-2.51,-0.66,6.24
197402,-0.3,1.36,2.23,-0.84,0.83,1.56
197403,0.56,0.14,-0.24,-1.8,-2.97,-2.6
197404,-6.19,-3.2,-4.67,-3.62,-4.64,-6.62
197405,-8.18,-6.79,-7.01,-1.47,-5.16,-3.14
197406,-2.6,-1.29,-2.38,-1.16,-1.58,-3.38
197407,-6.37,-3.79,-2,-10.66,-4,-3.14
197408,-9.57,-8.45,-6.94,-9.83,-7.96,-6.47
197409,-9.73,-6.17,-5.16,-14.84,-7.56,-5.25
197410,12.12,7.25,5.55,21.89,16.2,6.79
197411,-4.2,-4.71,-3.57,-4.27,-3.88,-3.07
197412,-6.9,-4.9,-5.69,-4.08,0.44,-1.23
197501,25.44,23.87,25.64,10.01,13.2,21.54
197502,5.47,3.82,1.17,9.7,2.85,1.43
197503,7.39,6.03,4.01,3.14,2.87,0.55
197504,5.8,3.58,1,5.31,5.15,0.61
197505,8.76,5.47,4.07,5.43,4.33,7.68
197506,5.5,6.07,7.66,3.5,6.19,8.09
197507,-3.39,-1.87,-1.17,-8.66,-4.31,-4.07
197508,-5.29,-4.41,-3.03,-2.48,-1.82,-1.53
197509,-5.07,-2.38,-2.24,-4.8,-3.08,-1.85
197510,2.27,2.89,2.49,6.85,5.69,5.89
197511,1.68,3.68,3.03,3.2,3.08,3.48
197512,-0.95,-0.49,-0.77,-2.64,-0.08,0.65
197601,18.3,17.59,15.3,11.65,12.59,11.39
197602,9.63,7.94,5.18,-2.27,2.38,0.43
197603,0.49,1.8,1.25,2.93,2.43,2.81
197604,-2.23,-0.19,0.47,-2.37,-0.41,1.16
197605,-1.96,-1.82,-1.21,-1.46,0.88,-1.91
197606,3.97,3.62,2.54,5.09,4.05,4.53
197607,-1.58,1.03,2.25,-1.43,-1.02,1.37
197608,-2.25,-0.72,0.32,-0.55,-0.78,3.22
197609,3.59,2.37,2.66,1.92,2.84,2.86
197610,-2.52,-1.3,-0.25,-2.96,-2.01,-0.24
197611,4.62,3.15,3.15,-0.7,0.2,2.54
197612,9.51,9.51,8.49,4.05,7.3,6.11
197701,1.4,1.05,2.61,-7.27,-4.25,0.42
197702,-0.73,0.76,-0.51,-1.95,-1.46,-1.42
197703,1.28,0.26,0.33,-1.39,-1.16,-0.75
197704,1.85,2.39,0.89,-1.71,1.37,2.21
197705,-0.05,0.36,0.2,-2.29,-1.58,1.03
197706,7.64,5.42,4.03,6.32,4.01,3.83
197707,-0.47,1.04,1.36,-2.05,-1.6,-0.8
197708,-0.36,-0.21,-0.87,0.34,-1.06,-3.07
197709,2.57,1.14,0.62,-0.15,-1.11,1.57
197710,-3.41,-1.53,-0.69,-4.83,-3.88,-3.56
197711,9.51,7.54,4.61,5.54,4.29,2.41
197712,3.4,1.35,1,0.79,0.27,0.77
197801,-4.97,-2.82,-1.3,-7.26,-6.22,-4.51
197802,2.83,1.83,1.33,-2.47,-2.03,0.25
197803,7.18,6.01,4.04,3.22,2.42,2.97
197804,9.7,8.01,4.9,11.65,10.48,3.6
197805,7.76,5.59,2.32,3.5,1.91,-0.24
197806,0.49,0.21,0.47,-0.48,-1.95,-1.71
197807,7.22,4.73,3.33,7.37,6.52,3.19
197808,8.22,7.96,5.96,4.57,3.71,2.94
197809,-1.72,-0.68,0.77,-2.55,-1.6,1.51
197810,-21.73,-16.84,-12.11,-12.39,-9.83,-7.58
197811,8.17,4.49,1.99,4.13,2.57,2.8
197812,3.61,1.87,0.83,2.65,2.25,0.08
197901,7.87,8.23,6.33,2.42,5,5.04
197902,-2.63,-2.27,-0.77,-4.85,-3.08,-1.67
197903,10.53,8.01,4.85,6.85,6.31,4.74
197904,2.74,2.7,1.5,1,0.48,0.1
197905,-1.61,-1.38,0.21,-2.29,-1.45,-0.94
197906,5.79,5.43,4.85,5.57,3.65,4.55
197907,2.27,3.18,4.09,2.79,0.89,1.18
197908,8.62,7.59,5.68,7.99,6.37,4.09
197909,0.17,-0.72,-1.69,1.27,-0.04,-0.65
197910,-10.41,-10.37,-9.76,-6.05,-7.16,-6.43
197911,10.39,5.53,4.77,9.33,5.81,3.23
197912,7.28,5.48,2.54,4.39,2.75,-0.97
198001,7.9,6.67,4.7,8.07,6.2,3.5
198002,-1.43,-2.85,-4.3,-0.84,0.29,-0.66
198003,-18.83,-15.6,-12.72,-12.66,-10.71,-7.55
198004,6.46,5.24,7.35,4.55,3.95,6.73
198005,8.74,7.87,7.94,5.67,5.67,5.88
198006,5.21,4.49,3.98,4.23,3.71,2.21
198007,12.06,9.97,5.37,7.9,6.82,3.41
198008,6.6,4.81,1.93,3.51,0.54,1.63
198009,4.17,2.99,1.02,7.57,1.85,-1.14
198010,4.18,2.09,0.44,4.31,0.99,-0.5
198011,8.95,3.96,1.4,17.86,10.55,2.51
198012,-3.81,-1.37,-0.15,-5.77,-2.67,-0.13
198101,-2.07,1.07,3.18,-8.91,-3.92,1.67
198102,1.09,2.69,2.22,1.14,2.85,1.42
198103,8.97,7.92,5.95,3.89,3.42,4.21
198104,3.82,3.79,2.77,-4.36,-1.74,1.61
198105,4.04,2.03,1.35,0.07,-0.22,2.36
198106,-2.95,1.27,2.08,-1.82,0.1,1.09
198107,-2.98,-1.79,-1.17,1.64,0.24,-0.83
198108,-8.5,-4.84,-3.2,-7.15,-6.07,-2.83
198109,-8.43,-6.03,-3.65,-7.02,-6.59,-2.49
198110,8.76,6.18,5.63,10.87,4.63,3.21
198111,3.11,5.13,5.25,3.35,5.56,5.04
198112,-1.89,-0.28,-0.86,-4.03,-2.65,-2.15
198201,-4.88,-3.75,0,-3.44,-3.81,0.66
198202,-5.07,-3.18,-0.72,-7.59,-5.9,-1.85
198203,-1.41,-0.4,1.42,-2.09,-0.74,0.49
198204,6.58,4.94,3.89,5.92,4.55,2.83
198205,-3.32,-0.95,-1.34,-5.08,-2.06,-1.84
198206,-2.48,-1.81,-0.98,-2.92,-1.6,-1.58
198207,-0.78,-0.67,-0.7,-1.67,-1.67,-3.16
198208,8.54,8.55,8.82,11.31,12.26,13.33
198209,3.55,5.19,4.97,2.17,2.33,0.29
198210,14.42,12.1,11.06,12.99,12.02,8.42
198211,10.26,8.2,7.15,6.85,4.61,1.96
198212,2.4,0.56,0.47,0.91,1.66,1.85
198301,5.82,4.71,4.54,2.59,2.21,5.48
198302,6.34,6.3,5.25,3.91,2.95,1.64
198303,6.14,5.69,5.59,3.25,3.66,2.94
198304,7.88,7.39,6.59,5.48,8.24,7.52
198305,5.96,5.05,3.29,2.35,-1.59,0.47
198306,5.31,3.64,1.5,6.05,4.76,0.17
198307,-3,-0.19,2.35,-5.07,-3.87,-1.01
198308,-3.63,-1.74,0.12,-1.74,0.19,4.23
198309,1.99,3.18,5.65,0.49,2.91,1.13
198310,-6.87,-3.33,-0.56,-5.53,-0.84,-0.05
198311,4.86,4.37,3.86,3.73,2.33,1.58
198312,-1.16,0.4,0.15,-1.57,-0.09,-1.17
198401,-3.39,0.27,1.77,-5.41,-1.67,2.67
198402,-5.69,-4.39,-2.59,-6.15,-4.18,-1.83
198403,1.02,2.51,0.92,2.56,1.93,0.21
198404,0.25,0.68,-0.03,0.28,0.18,1.49
198405,-5.4,-4.54,-3.21,-6.32,-5.23,-4.2
198406,4.17,2.28,2.69,4.39,2.86,2.14
198407,-3.1,-2.58,-0.58,-2.35,-1.37,-1.72
198408,13.22,10.15,7.95,12.42,10.7,11.38
198409,-0.24,1.07,4.09,-2.9,-0.58,2.81
198410,-0.95,-0.33,2.88,-0.87,1.38,-0.01
198411,-1.74,0.4,1.7,-3.44,-1,0.7
198412,1.66,2.6,3.41,3.04,2.2,2.57
198501,12.35,9.66,7.68,11.58,8.15,5.72
198502,2.97,2.49,1.33,0.81,2.01,2.1
198503,-1.71,-0.79,1.39,-0.31,-0.52,1.43
198504,-1.32,0.58,3.25,-2.1,-0.86,1.59
198505,4.88,3.76,4.46,7.46,5.84,5.75
198506,2.33,2.62,4.17,2.5,0.91,1.9
198507,2.43,2.69,0.54,-0.03,0.74,-2.3
198508,-1.28,0.57,0.76,-0.92,-0.95,0.67
198509,-5.22,-3.67,-2.45,-5.54,-2.91,-3.14
198510,4.17,4.81,2.46,4.01,4.45,5.73
198511,7.51,6.45,6,7.95,8.7,4.83
198512,4.73,4.08,3.74,4.6,5.22,4.1
198601,2.95,1.24,1.04,2.5,1.13,-0.41
198602,7.6,8.28,6.44,8.35,8.46,6.75
198603,5.07,4.91,4.72,5.92,6.24,5.22
198604,1.29,0.46,0.79,-0.61,-1.18,-1.94
198605,5.23,4.78,3.08,5.88,5.3,5.26
198606,1.28,1.35,2.95,1.38,1.99,2.28
198607,-8.34,-6.12,-4.01,-7.17,-6.46,-2.31
198608,2.69,3.19,5.68,4.79,6.15,10.02
198609,-6.34,-4.48,-4.72,-10.86,-8.62,-6.69
198610,3.32,1.82,2.9,6.56,5.21,5.04
198611,0.7,-0.47,0.3,1.28,1.9,2.37
198612,-1.71,-2.36,-1.26,-1.86,-2.83,-2.79
198701,11.26,9.9,8.2,13.68,13.5,10.93
198702,7.86,5.43,2.61,8.9,5.06,-0.28
198703,1.83,2.77,1.75,0.67,2.15,3.28
198704,-3.25,-2.74,-3.77,-1.75,-1.73,-1.21
198705,-1.02,-0.23,0.24,2.07,0.11,0.97
198706,3.3,4.99,3.4,4.64,5.58,4.8
198707,2.89,4.14,2.32,6.65,5.03,2.33
198708,3.85,4.15,3.36,4.66,3.63,4.05
198709,-3.17,-0.63,-2.27,-1.98,-2.4,-2.39
198710,-29.79,-26.01,-18.32,-24.86,-23.06,-15.03
198711,-3.65,-3.74,-1.89,-8.34,-7.81,-6.97
198712,7.99,6.74,2.32,9.6,7.87,3.69
198801,3.3,5.7,6.1,0.76,3.9,9.45
198802,9.41,7.53,5.32,7.09,5.48,1.72
198803,4.14,3.72,0.95,-2.68,-2.96,-2.49
198804,0.39,1.51,1.36,0.08,0.48,1.6
198805,-0.77,-1.58,-0.49,-0.16,0.19,2.2
198806,7.2,6.17,4.94,5.91,6.13,2.18
198807,-0.51,-0.14,0.12,-2.16,-1.14,1.23
198808,-3.12,-1.97,0.07,-4.1,-2.89,-1.29
198809,3.61,2.58,2.28,4.98,4.59,3.04
198810,-0.35,0.08,0.78,0.47,2.77,3.14
198811,-2.31,-2.18,-1.55,-2.5,-1.89,-0.51
198812,3.22,2.95,1.09,3.78,1.67,0.85
198901,3.8,4.69,3.16,6.28,7.52,5.9
198902,1.01,1.65,0.87,-2.03,-2.47,-1.61
198903,2.54,2.74,0.87,2.03,1.76,3.18
198904,4.74,3.81,2.84,5.89,5.04,4.38
198905,2.68,3.93,3.13,5.18,3.48,4.1
198906,-0.06,-0.67,0.73,-0.49,-0.96,0.64
198907,4.27,3.97,2.89,8.96,10.7,5.86
198908,3.97,3.44,2.4,1.07,2.63,1.37
198909,0.62,-0.42,-0.55,0.76,-0.87,-0.09
198910,-4.56,-5.86,-4.85,-3.25,-2.23,-2.17
198911,1.03,0.37,-0.2,1.85,2.57,1.65
198912,0.63,-1.01,-0.8,0.4,2.65,2.91
199001,-9.91,-6.97,-6.35,-7.76,-7.55,-5.55
199002,3.09,1.41,1.9,1.59,0.95,1.86
199003,3.67,1.85,1.71,3.11,3.2,0.69
199004,-2.7,-3.54,-3.98,-1.74,-2.16,-3.64
199005,6.6,4.09,1.59,11.35,9.63,7.2
199006,0.88,-0.41,0.51,0.29,-0.37,-1.5
199007,-3.91,-3.45,-3.86,-1.5,0.15,-0.11
199008,-12.96,-11.73,-7.66,-9.02,-8.96,-7.84
199009,-8.54,-7.98,-6.43,-6.41,-4.18,-3.62
199010,-5.47,-6.2,-4,-1.32,-0.76,1.04
199011,7.49,6,5.28,7.7,6.58,5.02
199012,5.69,4.94,1.58,4.28,2.9,1.29
199101,7.1,6.36,4.98,5.18,4.74,1.9
199102,10.36,10.54,9.38,8.59,6.82,6.5
199103,5.64,4.98,3.29,3.69,1.86,2.77
199104,0.96,1.91,1.79,-0.23,0.31,0.76
199105,5,4.23,2.96,4.15,4.93,2.39
199106,-2.58,-1.52,-2.36,-5.28,-4.1,-2.92
199107,3.1,2.35,4.56,6.29,4.07,3.64
199108,3.81,2.58,3.58,2.64,2.95,1.72
199109,1.64,-0.27,-1.12,-2.42,-2.38,0.87
199110,1.85,0.81,1.65,2.21,1.48,1.02
199111,-4.1,-3.34,-2.11,-1.07,-5.22,-3.85
199112,9.7,7.54,5.75,14.5,12.9,6.23
199201,5.78,6.83,7.02,-1.87,-1.81,-1.4
199202,2.44,3.88,5.26,0.6,1.59,0.7
199203,-1.82,0.11,0.71,-2.75,-1.22,-1.61
199204,-3.13,0.16,1.26,-0.3,2.37,6.64
199205,0.56,1.78,2.95,1.64,0.01,0.69
199206,-4.76,-1.54,-0.51,-3.06,-2.24,1.02
199207,3.83,3.39,4.91,4.48,3.12,5.04
199208,-2.62,-1.59,-0.18,-1.7,-2.95,-0.91
199209,2.26,1.18,0.03,0.91,1.83,0.46
199210,2.92,1.67,0.45,2.88,1.09,-1.97
199211,6.91,5.85,3.53,4.52,4.94,0.55
199212,3.61,4.46,4.03,1.05,1.23,2.07
199301,3.57,4.65,2.94,-0.18,0.62,1.12
199302,-0.37,1.11,2.36,-1.34,0.52,4.94
199303,2.62,3.1,3.05,2.26,2.11,2.53
199304,-3.6,-2,-2.24,-4.68,-2.08,-1.14
199305,2.99,1.69,0.98,3.95,2.25,1.09
199306,1.37,-0.24,1.63,-1.39,0.69,2.06
199307,1.07,2.78,2.54,-0.57,-0.7,0.66
199308,3.75,3.47,2.8,4.53,2.73,4.04
199309,1.96,2.31,1.98,0.68,-1.51,-0.2
199310,0.77,1.69,1.17,2.27,1.03,1.01
199311,-2.52,-2.28,-1.79,-1.82,0,-2.57
199312,4.39,4.55,1.5,1.27,2.53,0.59
199401,2.14,1.87,1.73,3.2,3.2,2.58
199402,-0.46,0.03,-0.15,-0.34,-3.08,-4.27
199403,-4.9,-4.32,-3.07,-4.25,-4.22,-3.55
199404,0.62,0.03,-0.05,-0.95,1.69,2.75
199405,-1.25,0.39,-0.74,0.89,2.3,0.63
199406,-2.03,-0.28,-0.73,-3.43,-2.06,-1.88
199407,1.41,1.95,1.63,3.02,3.29,3.14
199408,4.68,3.72,2.97,4.56,3.85,3.36
199409,-0.53,-0.3,-0.75,-3.17,-2.67,-2.02
199410,-2.21,-1.76,-0.67,3.01,1.17,1.82
199411,-4.23,-3.27,-2.8,-3.99,-4.38,-2.4
199412,2.37,2.38,3.1,0.64,2.6,0.47
199501,0,0.06,-0.17,2.98,1.41,4.93
199502,4.13,3.87,2.96,5.09,4.87,2.61
199503,2.03,0.63,0.14,3.07,2.9,1.89
199504,2.03,2.58,2.34,1.41,3.36,2.54
199505,1.42,1.94,1.33,3.63,3.68,4.38
199506,3.81,2.81,2.54,5.25,1.98,0.16
199507,6.12,3.72,2.36,4.97,3.1,2.41
199508,3.51,3.5,1.78,-0.72,0.61,1.93
199509,3.12,1.54,3.32,2.05,5.4,4.94
199510,-4.68,-2.87,-1.96,-1.09,-1.24,0.75
199511,3.29,3.49,2.73,3.43,6.39,3.91
199512,2.16,2.54,0.9,-1.46,1.9,4.51
199601,-0.26,-0.18,0.54,3.49,4.44,1.67
199602,2.92,2.08,0.97,3.76,0.23,0.26
199603,4.51,1.34,1.63,0.57,2.11,0.84
199604,4.31,2.3,0.55,2.35,0.5,0.55
199605,3.26,3.22,2.43,3.57,2.51,1.62
199606,-2.3,-0.05,0.24,-1.15,0.94,1.56
199607,-5.49,-4.82,-2.18,-5.21,-4.25,-3.52
199608,4.51,4.96,3.29,4.15,2.66,0.87
199609,2.64,2.8,3.11,5.68,6.15,3.12
199610,0.42,2.13,1.75,0.71,2.54,4.6
199611,3.88,5.74,4.72,7.6,7.75,6.1
199612,2.8,2.68,3.11,-1.13,-2.41,-0.17
199701,2.01,1.98,1.32,6.04,5.92,4.29
199702,-0.14,2.74,2.18,-1.11,2.01,2.64
199703,-3.16,-2.62,-1.78,-3.96,-4.66,-3.74
199704,0.46,1.49,-0.01,6.9,6.19,2.8
199705,9.97,7.86,6.84,5.78,5.75,5.6
199706,6.43,6.98,5.22,3.43,5.96,3.6
199707,5.41,5.04,4.63,9.34,6.79,5.98
199708,2.29,2.07,3.06,-6.4,-6.23,-2.45
199709,7.69,8.03,6.2,5.34,5.81,5.61
199710,-2,-0.94,-0.69,-3.51,-2.95,-1.64
199711,-0.1,1.83,2.3,5.1,4.12,5.64
199712,2.2,4.65,6.7,1.49,3.17,3.82
199801,-1.42,-1.94,-2.71,0.86,0.99,-1.78
199802,7.75,6.88,3.9,8.85,6.27,5.4
199803,4.61,4.48,3.85,4.5,4.73,6.57
199804,1.56,1.46,-0.38,3.59,0.72,-1.46
199805,-3.67,-2.4,-2.03,-2.5,-1.58,-0.68
199806,-1.69,0.56,0.15,4.86,3.01,1.39
199807,-6.69,-6.09,-5.32,0.51,-3.11,-1.05
199808,-18.18,-15.25,-10.06,-17.63,-14.6,-8.19
199809,5.68,3.55,4.37,4.42,4.47,8.76
199810,3.45,2.58,2.7,10.41,9.44,4.45
199811,4.69,3.61,2.72,8.22,5.01,4
199812,2.72,2.11,1.86,8.9,3.22,2.29
199901,-3.54,-2.73,-3.77,4.87,-0.49,-1.47
199902,-6.71,-5.63,-6.09,-2.7,-0.64,-3.9
199903,-1.93,-2.19,-1.84,4.84,2.47,-0.42
199904,7.96,8.84,6.42,2.35,4.87,9.77
199905,3.12,1.42,4.26,-3.68,-1.89,-0.18
199906,4.46,4.92,2.68,6.16,3.64,2.27
199907,-3.05,-1.06,1.13,-3.36,-2.91,-3.26
199908,-5.2,-3.88,-2.25,-0.22,-2.7,-2.35
199909,-1.45,-1.9,-1.57,-3.36,-3.72,-4.53
199910,-2.42,-1.12,-0.8,6.45,7.69,1.39
199911,3.52,-0.81,-0.47,3.12,-1.23,-4.86
199912,3.49,-0.5,-1.21,4.73,-0.89,-2.8
200001,-4.61,-5.9,-3.84,-2.72,-3.62,-3.94
200002,6.57,-0.93,-1.18,-1.63,-9.47,-9.31
200003,2.53,1.24,1.76,11.25,10.54,10.8
200004,0.19,1.56,2.01,-0.92,0.09,1.88
200005,-0.5,-1.06,-0.98,-0.76,2.19,5.64
200006,4.87,1.89,0.24,2.18,-3.24,-6.41
200007,0.59,1.86,4.65,-0.75,0.1,4.21
200008,5.75,4.34,4.63,5.62,3.48,10.37
200009,-1.53,0.64,1.3,-6.1,4.18,2.83
200010,2.08,0.55,-1.01,-1.16,6.73,1
200011,-3.61,-1.19,-0.25,-5.91,-1.47,-1.01
200012,12.7,8.93,7.64,2.25,3.95,9.76
200101,2.82,3.67,4.38,1.16,-2.15,1.03
200102,-1.21,1.23,1.98,-8.18,-0.31,1.19
200103,-1.99,0.05,1.02,-6.87,-3.27,0.56
200104,7.45,3.38,3.6,8.05,3.43,4.55
200105,1.68,2.93,4.8,0.17,2.53,2.9
200106,4.27,5.78,4.34,-2.44,-3.62,-1.1
200107,-0.75,0.37,0.45,0.58,0.92,-0.01
200108,-0.39,0.1,1.3,-6.77,-3.56,-2.01
200109,-11.04,-8.91,-6.97,-9.41,-3.84,-4.92
200110,3.93,1.59,0.04,3.89,-1.82,-1.95
200111,5.1,6.15,4.97,9.13,4.99,3.46
200112,7.04,5.54,4.2,1.88,1.43,1.8
200201,1.41,1,2.02,-1.66,-0.68,-0.22
200202,2.11,2.86,2.3,-3.7,2.09,1.39
200203,6.8,6.63,7.54,4.29,2.31,5.76
200204,6.05,5.81,5.66,-6.51,-5.23,-0.15
200205,-3.15,-1.43,-1.73,-1.23,-0.29,1.53
200206,-1.66,0.32,-0.1,-8.56,-5.86,-5.78
200207,-12.92,-10.1,-8.47,-8.14,-6.22,-6.52
200208,2.01,1.16,1.15,1.81,0.83,-0.03
200209,-4.51,-5,-4.29,-10.59,-9.19,-13.08
200210,1.16,1.56,0.84,9.81,6.38,7.18
200211,3.46,3.89,2.28,4.54,3.16,6.49
200212,-1.84,-1.14,-0.23,-7.65,-3.74,-3.24
200301,-3.53,-2.15,-0.53,-2.59,-2.97,-3.48
200302,-4.18,-1.69,-1.69,-0.66,-2.9,-2.32
200303,1.44,0.62,1.9,1.84,1.49,-0.16
200304,7.67,7.5,7.13,9.04,6.46,9.6
200305,7.9,5.05,6.15,4.77,4.76,5.49
200306,2.43,1.13,0.14,0.19,0.88,2.47
200307,5.18,5.76,4.2,3.92,1.03,-0.98
200308,5.39,2.66,1.82,3.99,0.58,0.43
200309,-1.46,-0.78,-1.27,-1.07,0.06,-0.93
200310,8.76,6.68,7.06,6.27,4.7,5.72
200311,4.11,4.32,3.01,0.34,0.79,1.5
200312,2.32,3.84,4.77,2.8,5.58,7.72
200401,2.73,1.99,0.75,1.22,1.52,1.19
200402,2.73,2.18,2.1,2.45,2.08,1.74
200403,1.91,0.61,0.35,-1.16,-1.68,-1.43
200404,-3.03,-3.13,-3.21,-1.94,-0.62,-0.86
200405,0.71,0.95,0.34,1.74,1.21,-0.23
200406,5.53,5.74,5.98,1.41,1.37,2.99
200407,-4.58,-3.76,-3.11,-3.94,-3.95,0.09
200408,-0.25,0.34,2.64,-1.21,0.89,2.51
200409,4.33,3.78,2.74,2.35,0.49,-0.01
200410,1.59,1.29,1.87,1.9,0.48,1.27
200411,8.83,9.02,6.9,3.93,4.2,3.6
200412,2.61,1.88,1.04,2.96,2.95,3.42
200501,-2.46,-3.07,-2.83,-1.38,-2.18,-1.75
200502,2.23,1.87,0.86,1.24,3.1,3.45
200503,-2.72,-2.34,-1.57,-2.46,-0.31,-2.07
200504,-6.11,-5.8,-3.72,-3.58,-1.79,-0.22
200505,6.15,4.85,5.09,4.89,2.27,1.16
200506,3.65,3.61,3.31,0.73,0.3,0.19
200507,6.98,6.42,4.16,5.81,4,1.3
200508,-1.73,-2.28,-2.36,-0.9,-0.84,-0.71
200509,0.69,-0.36,-0.64,1.41,1.92,-0.47
200510,-2.58,-1.65,-2.14,-1.94,-2.35,-0.85
200511,5.17,3.17,2.4,5.17,3.51,3.24
200512,-0.02,-0.49,-1.32,0.34,-0.19,0.21
200601,7.86,6.58,5.7,2.19,3.89,1.45
200602,-0.97,-0.22,-0.66,-1,0.08,1.31
200603,5.11,4.38,3.15,1.12,2.13,0.78
200604,0.68,-0.12,-0.26,0.34,2.05,1.82
200605,-5.22,-3.98,-2.83,-4.25,-1.51,-2.13
200606,-0.13,0.61,1.42,-0.14,0.24,0.71
200607,-4.43,-1.67,-0.06,-1.92,0,3.84
200608,2.28,2.48,2.24,0.4,2.33,2.13
200609,0.97,1.84,1.31,1.34,2.87,2.08
200610,4.83,3.99,4.89,3.11,3.89,2.2
200611,2.87,2.71,2.6,1.97,2.1,0.9
200612,0.43,1.08,1,0.46,1.61,2.89
200701,2.47,1.33,0.91,2.88,1.34,1.1
200702,-0.73,-1.27,-0.74,-0.94,-2.31,-1.39
200703,-0.05,0.95,0.87,1.21,0.5,1.78
200704,1.79,0.46,0.55,3.81,5.21,3.8
200705,5.09,4.55,1.7,4.19,3.99,2.64
200706,-0.8,-1.75,-1.79,-2.14,-1.28,-2.53
200707,-5.97,-7.18,-7.49,-4.08,-2.41,-3.93
200708,1.11,1.6,4.28,0.59,0.46,2.6
200709,1.22,-1.82,-0.47,4.25,3.55,2.86
200710,2.48,-0.13,0.38,1.28,2.6,-0.27
200711,-5.94,-7.5,-5.62,-4,-2.77,-4.74
200712,0.01,-1.95,-1.35,0.54,0.33,-2.44
200801,-6.13,-3.43,-0.66,-6.97,-5.64,-2.95
200802,-1.14,-5.42,-6.52,-1.46,-2.03,-5.69
200803,0.6,2.29,3.42,-3.76,0.54,0.7
200804,6.84,1.44,1.39,6.49,4.92,1.98
200805,6.54,2.57,0.6,3.09,1.72,-1.45
200806,-4.7,-12.11,-11.41,-6.55,-7.13,-11.23
200807,5.03,4.57,8.88,-5.29,-1.15,4.92
200808,2.75,5.82,8.18,0.6,1.79,1.32
200809,-7.81,-4.11,-0.8,-13.98,-7.73,-1.72
200810,-18.21,-18.66,-15.44,-20.35,-15.55,-13.95
200811,-8.94,-9.39,-12.91,-9.28,-2.77,-9.93
200812,3.32,4.62,1.12,2.07,1.07,0.17
200901,-11.39,-12.58,-17.95,-4.27,-7.61,-16.74
200902,-12.48,-11.86,-14.58,-9.2,-10.26,-14.16
200903,10.32,9.78,11.07,8.65,7.31,11.09
200904,13.92,16.2,15.18,11.37,6.49,10.01
200905,3.01,0.21,0.59,6.25,4.91,5.97
200906,0.27,1.31,-1.82,-0.99,0.75,-1.37
200907,9.43,11,11.67,8,6.21,9
200908,3.8,3.79,7.56,2.91,2.99,5.9
200909,6.66,3.23,5.19,4.48,2.55,3.31
200910,-6.51,-5.44,-7.11,-2.17,-0.33,-2.93
200911,1.99,2.53,2.27,4.7,6.18,6.54
200912,7.44,5.85,9.07,4.57,0.76,0.65
201001,-3.12,-3.34,1.32,-4.69,-3.65,-1.39
201002,5.11,4.84,3.78,4.41,3.33,1.42
201003,9.03,8.13,7.57,5.63,5.15,7.17
201004,5.02,7.51,8.14,0.11,1.64,2.36
201005,-7,-7.76,-9.09,-8.97,-7.53,-8.48
201006,-9.07,-8.25,-9.61,-7,-5.23,-4.04
201007,6.91,6.92,6.23,7.44,7.26,7.4
201008,-7.78,-8.72,-6.21,-7.98,-5.4,-0.11
201009,13.12,10.78,9.57,10.11,8.56,7.08
201010,2.28,2.66,2.72,3.29,4.08,2.92
201011,3.98,3.73,1.92,0.63,1.22,-1.62
201012,9.84,8.78,5.86,9.2,6.55,5.84
201101,-0.38,-1.17,-1.43,3.13,3.23,0.08
201102,7.07,3.92,2.3,3.01,3.2,4.26
201103,3.67,2.63,2.98,0.18,-0.57,1.93
201104,1.2,1.7,2.81,0.84,4.32,3.44
201105,-2.48,-1.31,0.03,-2.26,-1.64,0.45
201106,-0.03,-0.76,-0.6,-2.35,-1.32,-0.91
201107,-2.74,-3.79,-2.86,-2.61,-3.11,-2.38
201108,-8.78,-7.75,-4.39,-9.28,-6.17,-1.08
201109,-11.83,-9.6,-7.54,-12.64,-6.8,-3.83
201110,15.96,14.58,12.4,16.15,11.72,6.8
201111,-1,1.02,0.98,-2.08,0.99,1.37
201112,0.16,1,1.67,-2.74,0.96,3.83
201201,6.53,5.18,3.34,8.03,5.54,-0.41
201202,1.92,2.69,0.81,5.48,3.85,2.86
201203,3.13,2.97,2.16,3.53,2.52,2.55
201204,-1.6,-0.63,-1.17,-2.37,-0.74,0.73
201205,-7.28,-5.23,-4.32,-9.85,-6.19,-3
201206,4.63,3.86,4.24,3.94,3.42,5.08
201207,-1.45,-1.89,-0.71,-0.94,0.68,2.8
201208,4.21,3.65,2.01,3.56,2.36,-0.19
201209,3.27,4.81,3.4,3.29,2.19,2.71
201210,0.42,-0.47,-1,0.34,-0.85,-1.31
201211,1.86,1.22,0.13,1.57,0.28,-0.41
201212,3.59,3.24,3.33,3.71,0.88,-0.07
201301,6.41,5.49,6.59,6.32,5.82,6.07
201302,1.51,1.04,0.61,-0.09,1.79,2.07
201303,4.87,4.95,4.15,3.74,4,4.04
201304,-1.33,-1.35,0.95,1.36,1.42,2.88
201305,5.27,4.35,2.56,4.72,3.52,-1.65
201306,-1.57,0.28,0.66,-1.85,-1.07,-0.42
201307,6.78,7.75,6.82,5.87,5.35,4.01
201308,-2.14,-4.12,-4.4,-2.24,-2.91,-3.33
201309,6.88,5.59,5.64,4.67,2.14,2.82
201310,2.75,5.08,3.83,4.4,4.52,4.68
201311,5.45,4.34,4.15,3.68,3.71,1.05
201312,2.13,2.25,2,3.31,2.14,2.47
201401,-5.29,-5.35,-4.7,-3.47,-4.84,-3.6
201402,3.84,3.36,2.97,4.81,4.27,3.74
201403,0.31,1.86,2.02,0.06,2.54,1.84
201404,-3.16,-3.45,-2.09,-0.79,1.17,1.96
201405,0.86,0.25,-0.03,3.03,1.9,0.85
201406,4.97,4.09,4.02,2.21,1.81,2.11
201407,-6.56,-5.52,-4.76,-2.34,-1.68,-1.69
201408,4.77,4.44,4.12,4.14,4.15,3.4
201409,-4.93,-4.72,-5.65,-2.54,-1.8,-0.74
201410,8.21,7.67,7.5,1.47,3.41,1.92
201411,1.64,-0.46,-0.32,2.05,3.96,2.34
201412,1.99,3.11,3.48,1.05,-0.11,-0.88
201501,-5.47,-5.23,-3.71,-5.19,-2.93,-3.56
201502,6.28,6.22,4.35,7.22,7.22,4.09
201503,2.38,2.56,1.4,-0.78,-1.44,-2.35
201504,-2.55,-1.69,-2.6,1.45,-0.54,2.63
201505,1.24,1.65,0.38,0.89,2.31,0.03
201506,1.48,3.17,0.44,-1.43,-1.65,-2.83
201507,-0.13,-2.63,-3.55,1.91,1.14,0.53
201508,-5,-4.71,-3.51,-6.64,-6.61,-5.1
201509,-2.82,-3.55,-2.95,-3.42,-2.76,-1.23
201510,6.46,6.69,6.11,7.68,7.07,8.74
201511,3.4,3.45,1.8,0.59,0.97,-0.99
201512,-5.52,-7,-4.03,-2.82,-2.82,-0.81
201601,-6.55,-5.55,-4.2,-7.53,-5.33,-1.86
201602,0.65,1,1.22,-0.69,-0.45,1.89
201603,7.48,7.98,7.56,6.88,7.2,6.8
201604,1.75,2.1,1.44,1.49,0.22,0.6
201605,0.41,0.91,0.91,0.57,2.44,0.95
201606,-1.06,0.54,2.06,-2.46,-0.82,4.08
201607,5.57,4.85,4.8,3.14,4,1.81
201608,2.24,2.93,2.77,0.32,0.67,-0.05
201609,1.3,0.03,0.73,-0.24,-0.01,-0.25
201610,-2.63,-2.63,-3.04,-2.69,-0.8,-1.77
201611,13.47,15.14,14.41,4.97,5.47,4.17
201612,2.86,5.86,4.78,0.75,2.46,2.69
201701,-0.03,-2.09,-0.56,3.41,1.53,-0.15
201702,0.86,0.64,0.45,2.91,4.96,2.99
201703,0.28,-0.52,-1.25,0.85,-0.21,-0.48
201704,1.74,1.47,0.68,1.65,1.25,-0.7
201705,-2.03,-3.52,-4.42,2.37,1.23,-0.08
201706,2.61,2.74,3.78,1.1,0.94,0.73
201707,0.48,0.77,0.83,2.52,1.81,0.81
201708,-1.95,-3.16,-4.02,-0.05,0.34,-0.39
201709,8.16,8.51,7.57,4,1.57,3.43
201710,1.61,1.22,0.09,3.23,3.31,-0.39
201711,2.89,4.44,4.7,2.94,3.9,3.58
201712,-0.7,-1.89,0.73,0.99,1.39,1.13
201801,3.37,1.75,-0.7,6.68,5.04,2.91
201802,-4.3,-3.78,-5.46,-2.73,-3.42,-5.42
201803,1.16,0.9,2.44,-1.94,-2.57,-1.86
