Month,SMALL LoPRIOR,ME1 PRIOR2,SMALL HiPRIOR,BIG LoPRIOR,ME2 PRIOR2,BIG HiPRIOR
192602,-7.39,-5.6,-6.25,-4.91,-2.74,-2.04
192603,-12.54,-10.1,-9.79,-13.96,-5.37,-5.1
192604,4.32,3.52,3.97,1.17,4.4,3.72
192605,-0.38,0.74,0.66,-0.7,1.91,0.83
192606,5.35,4.51,4.66,10.97,5.3,3.67
192607,0.88,0.88,0.9,2.08,2.31,5.75
192608,5.02,2.58,3.05,3.07,3.2,2.21
192609,-0.61,0.68,-2.7,-0.68,0.47,1.77
192610,-5.74,-2.63,-2.78,-3.9,-2.66,-2.79
192611,1.3,5.86,1.42,3.82,3.28,1.76
192612,3.36,2.86,1.86,4.55,2.75,2.14
192701,0.06,1.54,3.02,-1.12,0.6,-0.16
192702,5.59,5.62,6.86,5.12,3.81,6.54
192703,-2.68,-2.87,-2.44,-3.1,1.07,3.27
192704,-1.65,1.88,-0.14,-3.45,0.28,2.11
192705,6.48,6.93,6.08,4.88,5.44,6.62
192706,-1.87,-1.46,-1.32,-2.47,-2.21,-1.66
192707,4.61,5.32,4,6.14,7.8,8.27
192708,-1.44,1.59,-2.21,0.58,1.71,3.76
192709,1.92,2.27,2.09,4.28,4.41,6.31
192710,-5.08,-2.52,-1.15,-6.09,-3.27,-4.44
192711,12.73,7.97,6.26,8.95,6.01,6.48
192712,2.9,4.87,1.32,1.53,2.25,3.67
192801,2.53,3.68,1.04,-1.12,-0.22,-1.11
192802,-3.26,-2.76,-2.51,-1.83,-0.66,-2.94
192803,6.43,6.87,10.61,5.72,7.18,12.95
192804,6.85,7.39,11.59,6.51,4.4,3.11
192805,3.54,2.97,2.22,3.56,2.16,-1.35
192806,-8.5,-5.96,-8.68,-3.89,-3.94,-5.65
192807,-2.28,0.29,1.64,1.56,0.86,1.04
192808,5.33,4.37,3.74,8.4,5.84,9.82
192809,5.57,4.4,5.7,2.36,3.36,3.18
192810,0.85,1.85,5.27,2.2,1.22,2.24
192811,11.7,9.84,9.72,9.87,11.63,15.23
192812,-0.19,-2.44,-0.29,-1.23,0.48,1.55
192901,0.03,1.98,4.3,-4.21,6.93,5.44
192902,0.72,1.3,1.08,-0.53,1.1,-0.79
192903,-5.27,-4.79,-4.22,-3.57,0.3,0.91
192904,1.38,2.41,-0.2,1.88,2.17,1.41
192905,-13.09,-8.66,-10,-7.5,-4.85,-6.19
192906,8.64,5.07,4.15,9.11,10.33,11.09
192907,1.47,3.23,-2.39,0.78,3.61,7.14
192908,0.55,0.37,-0.44,5.77,8.79,10.25
192909,-6.17,-3.03,-6.03,-1.8,-3.8,-5.91
192910,-27.69,-20.36,-23.3,-22.31,-16.31,-21.73
192911,-17.92,-11.28,-10.81,-17.58,-13.16,-8.62
192912,-5.19,-2.27,-2.29,4.17,2.75,-1.7
193001,18.68,10.03,5.94,4.16,5.12,6.04
193002,6.78,3.05,2.95,0.98,3.35,4.58
193003,14.07,10.34,10.28,7.91,6.36,8.67
193004,-5.15,-5.14,-5.19,-0.39,-2.45,-0.14
193005,-3.95,-1.73,-7.59,0.44,-0.37,-2.83
193006,-24.35,-17.94,-20.15,-22.54,-15.62,-14.25
193007,8.02,3.12,0.59,7.06,5.38,2.31
193008,-1.32,-1.04,-4.74,-0.41,1.28,-0.82
193009,-19.4,-12.97,-16.07,-17.11,-11.22,-13.02
193010,-10.48,-10.94,-10.2,-12.79,-10.1,-5.69
193011,-0.46,-2.76,-4.83,-3.71,-3.04,-2.3
193012,-18.07,-12.75,-13.84,-9.77,-6.6,-8.37
193101,27.03,12.89,6.08,16.28,7.14,4.24
193102,16.15,16.58,16.28,11.44,9.46,16.85
193103,-5.37,-5.2,-10.88,-6.29,-5.23,-11.28
193104,-18.87,-16.5,-14.4,-13.79,-9.41,-7.27
193105,-14.75,-14.35,-10.91,-15,-14.64,-11.91
193106,30.44,16.29,8.77,23.52,12.99,9.74
193107,-3.58,-8.34,-9.67,-2.85,-6.48,-11.9
193108,-1.38,-2.78,-3.31,0.15,1.01,-1.49
193109,-33.44,-32.09,-34.54,-27.05,-27.76,-31.18
193110,20.58,9.78,-1.67,16.01,10.64,1.81
193111,-7.3,-6.83,-13.43,-13.32,-7.75,-9.68
193112,-22.42,-18.48,-22.61,-23.38,-11.42,-11.46
193201,15.96,8.65,-2.09,8.49,0.63,-5.02
193202,7.66,2.38,-1.73,8.1,4.87,-1.62
193203,-10.27,-10.89,-15.16,-16.49,-10.58,-10.33
193204,-15.23,-19.94,-18.58,-21.59,-18.33,-14.79
193205,-22.68,-21.08,-19.53,-18.9,-20.43,-21.5
193206,13.08,5.14,-4.27,9.36,-1.12,-5.02
193207,55.1,34.91,44.75,30.67,31.26,44.18
193208,67.62,70.43,73.25,25.95,33.11,60.15
193209,-2.37,-7.39,-13.82,-2.56,-1.45,-10.35
193210,-15.4,-18.59,-14.47,-16.21,-11.41,-14.06
193211,-4.01,-11.46,-7.6,-8.34,-6.48,-4.63
193212,-8.47,-5.34,-11.44,1.67,4.92,5.74
193301,10.25,3.22,-1.99,4.43,0.7,1.23
193302,-12.32,-18.56,-21.71,-17.61,-14.78,-14.49
193303,16.33,12.41,2.42,7.11,3.31,0.71
193304,52.3,52.05,48.28,28.07,40.96,56.66
193305,74.64,78.85,63.83,17.71,20.55,23.54
193306,19.66,25.97,18.59,11.85,15.58,12.92
193307,-5.62,-13.26,-14.64,-9.46,-8.24,-16.37
193308,15.64,8.03,5.03,18.22,11.11,12.09
193309,-15.57,-16.32,-17.2,-13.22,-9.39,-10.7
193310,-9.85,-12.68,-15.54,-14.95,-8.47,-6.9
193311,7.59,6.45,-0.02,12.73,10.81,8.4
193312,3.66,-0.03,2.89,2.23,-0.42,4.37
193401,46.03,30.96,29.58,17.16,9.68,14.04
193402,3.23,2.62,0.86,-2.6,-2.48,-4.6
193403,1.85,1.32,-0.5,1.22,-0.46,1.01
193404,2.23,-1.26,0.1,-3.23,-1.75,-1.28
193405,-14.12,-10.01,-9.77,-11.11,-7.3,-3.32
193406,-1.6,-0.27,-1.38,1.59,2.68,3.07
193407,-22.53,-22.37,-22.05,-19.35,-10.21,-9.96
193408,17.75,10.75,1.26,12.75,7.23,3.89
193409,-1.74,-0.72,-2.75,0.8,-0.37,-1.78
193410,-1.91,-2.04,-2.28,-1.7,-1.78,-1.37
193411,17.14,15.58,10.85,7.15,7.88,9.27
193412,1.8,2.43,3.1,-1.28,0.42,3.34
193501,-0.33,-3.33,-7.37,-3.63,-3.71,-2.12
193502,-7.06,-6.95,-7.79,-5.1,-1.82,1.53
193503,-11.93,-9.18,-7.52,-2.46,-4.13,-2.79
193504,14.53,10.64,7.89,9.24,8.28,9.71
193505,5.38,2.73,-0.8,4.6,3.56,2.85
193506,5.28,3.22,1.99,7.03,5.69,6.36
193507,15.89,11.72,11.35,4.06,6.05,11.05
193508,8.62,8.98,9.34,-0.71,2.86,5.46
193509,7.32,3.92,2.42,-0.22,2.95,5.87
193510,9.56,9.82,8.45,11.54,4.54,9.28
193511,19.33,12.78,8.87,4.65,5.13,3.49
193512,6.78,5.86,7.97,4.02,3.84,9.57
193601,14.34,12.53,12.97,3.87,6.89,8.16
193602,5.92,5.92,5.7,2.25,2.94,-1.42
193603,3.67,1.4,0.17,-0.88,2.25,-0.96
193604,-14.69,-13.43,-11.9,-7.46,-7.5,-8.88
193605,7.56,5.37,2.34,7.6,3.96,6.08
193606,-0.28,-0.8,-1.45,3.07,2.72,1.86
193607,11.37,7.53,7.25,7.58,6.51,6.49
193608,2.23,1.03,2.56,1.25,0.27,2.12
193609,5.21,2.89,3.76,1.68,0.75,0.63
193610,5.3,6.25,7.04,7.55,7.33,5.27
193611,9.53,9.24,13.39,2.93,2.78,3.26
193612,0.75,4.11,6.35,-0.54,0.42,0.18
193701,7.37,9.34,9.21,3.1,1.95,5.73
193702,6.5,3.28,1.57,1.03,0.9,1.21
193703,-0.72,-0.33,-1.58,-1.72,-1.62,4.82
193704,-11.09,-8.55,-11.1,-5.61,-6.91,-8.64
193705,-2.41,-2.24,-2.52,-0.38,-1,-0.43
193706,-9.8,-8.05,-8.55,-6.07,-4.21,-3.11
193707,14.21,9.26,5.66,12.47,9.77,7.79
193708,-2.88,-4.14,-7.2,-2.8,-5.15,-6.78
193709,-24.46,-21.59,-19.04,-18.28,-12.12,-11.91
193710,-10.08,-12.01,-9.15,-14.32,-11.97,-8.08
193711,-12.37,-11.57,-11.9,-8.86,-9.86,-5.84
193712,-12.56,-13.21,-9.26,-6.65,-3.89,-3.36
193801,10.02,4.75,0.11,2.34,3.16,-1.15
193802,10.89,8.22,3.16,4.89,7.61,3.63
193803,-25.48,-31.09,-35.39,-19.16,-24.4,-25.72
193804,29.52,21.11,10.73,20.42,16.17,11.85
193805,-4.3,-7.41,-11.51,-1.74,-5.11,-8.8
193806,43.61,32.71,21.8,41.79,28.43,15.71
193807,12.86,14.5,15.69,4.78,8.43,9.83
193808,-4.15,-7.54,-7.07,-2.59,-4.08,2.5
193809,-1.64,-2.27,-3.86,0.63,1.24,0.8
193810,18.15,13.99,18.09,13.95,7.69,6.82
193811,-4.39,-4.23,-4.68,-0.96,-2.04,-3.51
193812,5.15,2.64,2.22,6.44,3.7,4.48
193901,-5.78,-9.33,-10.82,-5.59,-4.86,-9.54
193902,7.22,4.39,1.19,5.37,2.86,3.57
193903,-18.06,-18.66,-20.99,-8.52,-11.31,-15.46
193904,3.63,-0.84,-1.27,1.56,-0.36,-0.34
193905,12.24,9.17,8.32,8.9,6.32,5.92
193906,-6.89,-8.6,-11.04,-3.96,-5.2,-6.96
193907,21.81,14.3,7.23,19.96,11.29,6.33
193908,-7.73,-11.44,-15.75,-4.74,-6.69,-10.97
193909,53.96,39.66,32.71,29.82,22.73,11.42
193910,7.62,0.44,-8.66,4.7,-3.22,-4.51
193911,-15.73,-5.62,-5.26,-9.26,-2.96,-1.61
193912,1.39,2.58,3.22,3.05,3.15,2.97
194001,-0.25,-2.95,-4.08,-0.87,-2.29,-3.3
194002,5.15,4.26,1.75,2.74,1.08,0.65
194003,4.9,2.84,1.25,2.52,1.79,2.14
194004,4.09,0.83,1.53,0.36,0.39,-1.04
194005,-29.72,-26.29,-29.37,-24.12,-20.88,-23.09
194006,8.59,7.45,2.36,10.26,7.94,5.52
194007,5.19,4.32,2.45,4.33,3.12,2.06
194008,2.96,4.68,-0.09,1.44,2.49,1.83
194009,4.4,4.63,4.98,1.64,2.56,2.05
194010,5.26,5.25,5.09,4.85,1.99,4.36
194011,1.93,1.33,-1.05,-3.38,-0.24,-2.48
194012,-0.31,-0.66,-3.52,1.28,0.72,0.11
194101,1.55,-1.54,-4.48,-3,-3.95,-4.88
194102,-2.69,-2.45,-2.22,-0.45,-1.88,-1.85
194103,3.44,-0.03,1.83,1.76,1.22,-0.28
194104,-6.36,-5.45,-6.86,-6.6,-6.07,-2.17
194105,2.96,0.26,0.06,1.76,0.67,2.6
194106,6.99,7.19,5.63,7.05,5.21,6.09
194107,13.96,10.6,14.83,9.13,4.69,5.35
194108,-1.02,-0.92,-1.03,0.91,-1.41,-0.51
194109,-2.04,-1.36,-2.08,-0.88,-1.13,0
194110,-8.63,-5.08,-4.72,-5.45,-5.17,-5.19
194111,-4.6,-2.31,-2.37,-2.22,-2.62,-0.67
194112,-10.62,-8.78,-8.81,-5.27,-5.2,-3.36
194201,17.32,10.15,6.16,5.04,2.29,-2.63
194202,0.04,-0.43,-3.04,-3.41,-0.93,-2.2
194203,-4.41,-3.76,-4.82,-7.46,-7.5,-3.11
194204,-4.86,-4.15,-4.62,-3.38,-4.82,-4.95
194205,2.12,1.24,1.36,3.95,6.89,5.38
194206,2.75,1.63,3.26,3.39,4.02,1.72
194207,5.75,4.06,3.79,4.86,3.72,2.31
194208,2.87,2.35,2.38,1.79,1.76,1.9
194209,5.1,3.09,2.8,2.71,2.53,2.56
194210,9.83,9.8,13.02,7.78,6.11,7.41
194211,1.35,-1.41,-5.59,2.64,-0.03,-3.37
194212,3.43,3.53,1.75,6.1,6.19,3.78
194301,21.76,12.94,15.55,10.18,7.19,4.9
194302,9.75,8.76,17.42,5.89,5.36,9.27
194303,11.7,13.92,12.42,5.06,5.68,8.46
194304,5.32,2.94,2.19,1.27,-0.4,2.08
194305,8.88,8.86,10.22,5.92,5.45,5.45
194306,1.97,1.54,-0.75,1.91,2.16,0.39
194307,-8.51,-6.08,-7.64,-5.74,-2.97,-6.76
194308,1.8,-0.04,-0.86,2.6,1.92,0.41
194309,4.13,3.46,3.69,2.55,2.56,1.94
194310,2.52,0,-2.24,-0.85,-0.95,-2.34
194311,-10.83,-8.85,-8.97,-6.64,-4.89,-7.48
194312,14.75,10.22,5.19,12.56,7.26,4.58
194401,6.17,5.18,4.69,1.97,1.31,1.24
194402,2.06,1.73,1.3,0.37,0.24,0.59
194403,4.69,3.7,5.51,3.1,1.84,2.67
194404,-1.97,-2.46,-4.67,-1.65,-1.31,-2.86
194405,7.7,7.23,5.27,6.37,5.94,3.78
194406,9.23,10.82,11.43,4.09,6.12,4.89
194407,0.25,0.24,-3.12,-0.6,-2.05,-3.6
194408,5.48,2.97,2.65,2.86,1.17,1.11
194409,1.25,-0.17,-0.62,-0.12,0.3,-0.79
194410,0.57,0.19,-0.76,-0.51,0.52,-0.29
194411,3.3,2.68,1.79,2.34,1.19,2.06
194412,7.16,7.87,7.26,3.1,3.26,6.33
194501,7.31,5.3,2.48,1.84,2.67,-0.1
194502,9.76,10.09,8.14,6.54,5.66,6.25
194503,-4.16,-5.21,-7.9,-2.47,-4.02,-6.22
194504,11.06,8.86,7.19,10.29,8.71,5.88
194505,4.45,3.07,2.61,3.78,0.84,1.39
194506,4.21,2.8,5.41,0.95,-0.02,-0.36
194507,-2.73,-3.82,-5.35,-1.49,-1.59,-5.65
194508,6.85,7.85,4.93,7.24,6.89,5.24
194509,6.18,6.56,6.94,4.94,4.88,3.79
194510,7.12,7.06,7.16,3.22,3.25,5.75
194511,9.86,11.21,10.69,3.85,5.34,6.53
194512,3.26,2.78,1.89,1.77,1.26,-1.56
194601,11.71,10.72,8.1,6.52,5.67,6.31
194602,-5.81,-6.04,-8.58,-4.17,-6.2,-7.2
194603,5.73,4.89,5.86,4.51,5.78,6.68
194604,3.62,4.78,8.07,1.44,4.57,5.98
194605,6.33,6.47,5.34,5.75,3.54,2.44
194606,-3.52,-5.57,-5.28,-3.74,-3.45,-4.89
194607,-4.29,-5.22,-4.11,-3.06,-2.77,-1.97
194608,-8.56,-8.55,-7.11,-6.33,-6.97,-5.59
194609,-15.5,-14.68,-13.25,-12.72,-9.55,-9.07
194610,-0.74,-1.27,-2.18,-0.83,-1.13,-1.68
194611,-1.15,0.44,-0.06,0.48,0.05,-0.47
194612,4.94,4.86,3.95,4.6,4.87,5.75
194701,5.99,4.56,1.11,3.44,1.3,-0.84
194702,0.42,-0.16,-1.45,-1.06,-1.33,-0.77
194703,-3.34,-3.24,-4.26,-1.94,-1.11,-1.71
194704,-10.17,-8.07,-8.46,-7.39,-4.5,-3.53
194705,-5.48,-3.62,-4.71,-3.84,-0.51,-0.42
194706,5.52,5.33,3.65,5.19,4.27,6.35
194707,7.99,6.26,4.36,4.86,3.44,4.33
194708,-0.61,-2.02,-1.62,-0.8,-2.19,-2.88
194709,0.13,0.89,1.82,-0.36,-0.53,-0.75
194710,4.36,3.51,2.32,4.1,1.94,1.67
194711,-3.66,-3.29,-4.08,-2.61,-1.29,-2.14
194712,2.03,0.11,2.79,3.09,3.04,3.42
194801,0.28,-1.69,-2.49,-1.13,-3.22,-6.39
194802,-6.34,-6.73,-6.24,-3.27,-4.56,-4.79
194803,11.75,9.26,4.08,11.31,8.41,6.93
194804,3.51,3.32,2.82,3.2,3.88,4.37
194805,9.88,8.95,9.49,8.16,7.2,6.56
194806,-0.89,-0.31,-2.19,0.41,-0.1,-0.15
194807,-5.24,-4.24,-6.37,-4.59,-4.01,-6.28
194808,-0.33,-0.99,-0.69,1.03,0.18,0.32
194809,-4.67,-3.76,-4.83,-2.53,-2.76,-3.05
194810,6.29,3.92,4.25,7.52,6.75,4.85
194811,-9.56,-10.56,-12.26,-5.72,-9.04,-10.98
194812,0.1,0.84,0.41,3.42,4.02,2.9
194901,4.34,2.37,-1.94,1.78,0.73,-0.72
194902,-5.39,-5.02,-4.78,-3.22,-2.63,-1.64
194903,8.24,5.59,5.26,5.68,4.14,3.19
194904,-3.39,-3.07,-3.67,-1.74,-1.38,-2.65
194905,-6.86,-4.43,-4.04,-3.24,-2.69,-2.59
194906,-1.19,-1.86,-0.41,0.35,0.42,0.05
194907,8.61,5.56,4.77,7.43,5,6.02
194908,3.6,3,1.98,3.15,2.52,2.5
194909,5.31,4.2,4.05,3.55,2.5,3.93
194910,5.16,4.17,2.83,2.12,3.65,3.45
194911,0.53,0.97,0.48,2.58,1.27,3
194912,9.57,7.47,6.03,3.74,4.83,5.89
195001,5.47,5.46,3.55,1.55,1.53,1.95
195002,2.4,1.21,0.79,1.52,1.69,0.93
195003,-0.28,-1.1,-1.42,1.82,1.66,1.04
195004,7.1,4.84,3.97,4.82,3.88,3.78
195005,2.74,3.55,2.66,3.48,4.42,5.56
195006,-7.21,-6.51,-9.85,-6.4,-5.54,-5.67
195007,7.99,4.84,5.52,0.29,1.31,1.26
195008,8.36,6.72,1.31,6.56,4.31,2.89
195009,5.47,5.38,4.8,5.07,4.69,5.12
195010,1.03,0.43,-2.14,0.9,0.11,-1.29
195011,2.61,3.67,2.27,3.29,3.39,1.62
195012,6.63,7.7,12.55,2.41,5.67,7.89
195101,9.3,10.98,5.36,5.76,6.19,3.71
195102,2.27,1.62,0.61,2.94,1.1,-0.46
195103,-3.87,-3.33,-2.95,-2.16,-1.58,-2.3
195104,5.24,3.04,3.38,5.58,5.81,3.96
195105,-2.4,-2.48,-4.21,-0.75,-2.16,-2.67
195106,-6.5,-4.58,-5.36,-4.82,-1.26,-2.21
195107,9.26,4.32,2.72,9.25,5.78,7.63
195108,4.37,5.83,6.24,5.07,5.12,2.94
195109,4.09,2.19,1.95,1.43,0.14,0.97
195110,-1.33,-1.81,-3.83,-1.58,-2.49,-3.86
195111,1.06,0.13,0.1,1.22,0.79,0.02
195112,0.51,1.11,0.73,5.3,3.48,2.24
195201,1.94,2.29,0.94,3.37,2.08,0.73
195202,-1.76,-1.44,-3.1,-2.21,-2.31,-3.07
195203,2.58,2.6,1.75,5.48,3.65,5.1
195204,-5.05,-3.62,-4.38,-4.44,-3.81,-5.9
195205,2.64,2.07,1.62,4.56,3.24,2.47
195206,3.48,2.67,1.99,3.93,4.14,3.96
195207,1.27,1.64,-0.27,1.25,1.46,0.62
195208,0.5,0.33,0.29,-1.04,0.06,-1.55
195209,-1.47,-1.29,-1.07,-2.94,-1.69,-0.98
195210,-1.65,-1.39,-1.65,0.14,-0.3,-1.37
195211,6.8,5.32,5.17,7.26,6.36,5.26
195212,2.8,1.99,1.29,4.75,3.07,2.14
195301,4.92,3.97,2.34,0.33,0.05,-1.41
195302,2.14,1.91,1.63,-0.38,-0.38,1.29
195303,-1.9,-0.61,-2.01,-0.99,-1.1,-2.3
195304,-2.39,-1.95,-1.91,-1.95,-2.62,-3.8
195305,0.27,0.62,0.77,1.34,0.56,0.2
195306,-3.05,-3.75,-3.48,-1.99,-1.51,-1.46
195307,2.06,1.48,0.56,2.88,2.47,2.67
195308,-5.3,-5.03,-6.14,-4.78,-3.93,-4.61
195309,-1.47,-1.44,-1.36,-0.14,0.18,1.2
195310,4.49,3.08,3.66,4.17,5.21,4.52
195311,2.06,1.07,1.35,2.14,3,3.25
195312,-2.34,-1.28,-1.75,-1.61,0.72,0.28
195401,10.27,6.3,4.03,8.03,5.07,4.32
195402,2.24,1.17,0.19,1.39,2.38,1.05
195403,3.61,2.13,1.7,3.83,3.07,5.5
195404,0.55,0.95,0.69,2.69,4.55,5.43
195405,6.04,4.19,4.23,5.4,3.76,2.06
195406,1.84,1.28,0.54,3.55,-0.47,0.95
195407,7.86,7.5,7.44,4.91,6.45,2.86
195408,1.31,-0.52,-1.05,-2.27,-1.76,-4.09
195409,4.32,3.97,4.19,6.51,6.34,7.39
195410,-0.03,-0.63,-0.98,-1.83,-1.66,-1.61
195411,9.69,9.15,8.69,9.05,9,11.4
195412,9.4,10.68,9.36,4.67,5.97,4.92
195501,3.97,1.92,0.31,0.33,0.98,0.46
195502,4.73,5.27,3.38,4.3,2.61,2.25
195503,1.04,0.83,-1.58,0.41,-0.55,0.52
195504,2.76,2.18,0.65,2.88,3.87,2.38
195505,-0.12,1.31,0.21,1.5,1.03,1.03
195506,2.85,2.9,3.48,7.2,5.84,8.3
195507,0.56,0.86,0.37,0.5,0.66,3.47
195508,0.84,0.24,0.19,2.82,0.33,-1.61
195509,0.18,0.08,-1.78,2.31,-1.79,-0.89
195510,-2.1,-0.73,-0.88,-2.47,-1.63,-3.68
195511,6.87,5.58,4.44,9.77,6.5,4.9
195512,1.74,3.22,2.87,1.94,2.04,1.09
195601,-0.82,-1.35,-3.51,-4.16,-1.97,-3.43
195602,4.27,2.94,1.81,5.49,4.21,2.11
195603,4,4.52,4.92,3.4,7.73,7.33
195604,0.1,0,0.81,-0.36,-0.59,1.92
195605,-3.35,-3.28,-5,-4.24,-4.48,-6.53
195606,2.42,0.87,1.42,4,3.81,3.4
195607,3.2,3.63,3.5,3.74,4.89,5.72
195608,-0.42,-0.57,-2.75,-2.25,-2.76,-4.1
195609,-2.82,-2.72,-3,-6.45,-4.66,-3.55
195610,-0.04,1.13,0.47,1.39,0.46,0.01
195611,-0.77,0.8,3.47,2.09,-0.29,0.76
195612,2.04,2.1,2.66,3.8,3.58,2.99
195701,2.51,1.51,-0.87,-1.66,-2.57,-5.57
195702,-2.27,-2.62,-2.97,-1.94,-1.94,-1
195703,3.09,2.31,1.14,2.48,2.37,2.27
195704,0.81,2.12,1.31,4.69,4.36,5.28
195705,2.24,1.51,0.64,3.05,3.42,4.25
195706,-1.29,-0.94,-0.51,-0.5,-1.31,0.37
195707,0.02,1.77,-0.79,1.06,1.19,0.71
195708,-5.08,-3.77,-5.87,-4.78,-4.94,-4.75
195709,-7.36,-5.06,-3.57,-6.92,-6.49,-2.64
195710,-10.52,-6.22,-6.09,-5.68,-3.2,-3.03
195711,1.38,1.57,1.31,3.68,1.11,4.06
195712,-6.81,-4.51,-6.01,-5.35,-2.52,-3.73
195801,15.62,10.37,8.29,7.31,4.53,3.73
195802,0.23,-0.25,-2.87,-1.83,-0.34,-2.32
195803,4.82,3.56,3.68,4.01,3.13,2.85
195804,2.22,2.78,2.14,2.76,3.11,3.71
195805,4.29,4.48,4.23,3.98,2.17,1.68
195806,3.49,3.25,2.07,4.27,2.53,1.77
195807,7.78,5.99,3.72,5.62,4.15,4.27
195808,5.56,3.14,2.39,2.05,1.71,1.81
195809,7.97,5.46,4.14,6.14,4.3,4.87
195810,4.53,3.39,2.29,2.8,2.76,2.4
195811,5.35,4.39,4.34,3.15,3.14,2.72
195812,3.91,4.55,2.29,5.71,6.02,3.6
195901,5.44,6.34,3.56,0.55,1.39,0.18
195902,4.84,2.91,2.23,0.52,1.37,1.97
195903,1.6,1.33,2.39,0.76,0.85,-0.76
195904,2.48,3.02,1.63,2.65,4.76,3.34
195905,1.48,0.11,0.66,1.41,0.95,3.65
195906,0.74,0.46,0.07,0.98,-0.33,-0.17
195907,2.11,2.82,3.91,3.85,3.83,2.24
195908,-1.68,-1.52,-1.93,-2.38,-0.8,-1.11
195909,-4.48,-4.39,-4.22,-4.68,-4.31,-4.72
195910,3.48,1.32,2.5,2.61,1.26,1.24
195911,1.69,1.04,3.02,1.51,1.3,3.43
195912,3.5,2.3,1.61,3.06,3.27,2.04
196001,-2.96,-2.35,-5.21,-4.41,-6.04,-8.89
196002,2.6,0.72,0.2,0.97,0.68,4.42
196003,-3.41,-2.28,-4.02,-2.42,-1.15,-0.27
196004,-3.31,-2.86,-1.15,-2.73,-1.94,-0.33
196005,2.86,0.99,5.22,2.28,1.63,7.03
196006,1.93,1.51,1.73,4.28,1.94,2.16
196007,-0.93,-1.22,-3.8,-3.57,-1.52,-2.95
196008,3.66,4.04,3.98,1.71,3.65,3.86
196009,-5.82,-6.19,-6.91,-7.17,-5.15,-5.98
196010,-4.96,-2.19,-2.52,-1.85,0.21,0
196011,5.14,4.29,4.28,6.27,4.21,5.21
196012,3.1,3.63,3.27,5.33,5.54,3.62
196101,9.96,9.6,7.13,5.87,6.35,6.35
196102,7.02,7.64,6.95,4.52,3.43,2.09
196103,6.39,7.22,4.71,3.81,2.37,2.38
196104,2.34,1.41,0.59,0.2,1.11,-1.9
196105,5.89,4.32,3.53,5.57,2.08,0.9
196106,-4.88,-4.35,-6.54,-2.37,-2.92,-3.12
196107,2.64,0.06,-0.19,2.53,3.62,2.7
196108,0.85,1.53,0.75,3.65,3.8,1.58
196109,-3.95,-3.26,-3.01,-3.35,-1.74,-1.17
196110,0.35,2.71,1.44,1.75,2.8,3.47
196111,5,5.39,5.58,3.1,6.09,3.37
196112,0.89,0.94,-1.48,0.15,-0.2,0.23
196201,-0.26,1.45,-1.51,-3.22,-4.54,-3.62
196202,1.84,1.24,1.24,2.77,1.24,1.6
196203,-0.98,-0.52,-1.4,0.03,-0.27,-0.86
196204,-7.52,-7.83,-6.98,-6.92,-6.33,-5.92
196205,-11.03,-9.85,-9.77,-8.25,-7.74,-9.35
196206,-10.41,-8.21,-7.83,-10.09,-8.6,-6.89
196207,8.67,6.88,5.03,8.36,6.87,4.81
196208,3.1,3.87,3.17,2.09,2.36,2.23
196209,-6.33,-5.49,-9.6,-4.94,-4.35,-6.52
196210,-5.92,-3.2,-4.16,-1.36,0.88,1.07
196211,15.99,12.21,10.56,14.66,11.57,9.66
196212,-0.78,-1.83,-6.23,3.45,0.96,-1.15
196301,11.1,8.27,5.55,7.06,5.92,3.51
196302,-0.73,-1.6,-2.15,-1.52,-2.7,-3.22
196303,1.38,1.25,0.94,4.12,3.71,1.57
196304,2.31,3.44,3.12,4.44,4.47,5.5
196305,3.56,3.5,3.85,2.38,1.84,1.76
196306,-0.15,-1.16,-1.7,-0.72,-2.24,-2.78
196307,-0.63,-1.09,-1.09,-0.02,-0.4,0.52
196308,4.44,4.59,4.7,7.75,5.26,4.77
196309,-0.64,-1.58,-2.32,-1.66,-0.82,-2.39
196310,1.73,1.78,1.64,1.29,3.63,2.69
196311,-1.34,-1.08,-2.77,-0.04,-0.33,-0.9
196312,0.15,-0.3,-0.67,1.95,2.45,2.29
196401,2.47,3.03,1.5,0.87,2.87,2.6
196402,2.44,2.44,3.07,2.66,1.56,1.66
196403,3.91,2.98,2.86,1.74,1.33,2.1
196404,0.65,0.78,-2.92,1.73,0.3,-1.4
196405,0.52,1.21,1.75,1.11,1.33,2.5
196406,1.51,0.73,1.72,2.08,1.93,0.84
196407,3.11,2.88,1.31,2.59,2.44,0.76
196408,-1.1,-0.62,-1.01,-1.96,-1.26,0.11
196409,3.84,3.65,2.56,3.87,2.66,2.69
196410,2.71,1.57,0.15,0.02,1.49,0.17
196411,-0.5,0.58,-0.22,0.19,-0.03,1.43
196412,-0.91,-1.11,-0.48,1.69,0.03,-0.3
196501,7.65,6.93,4.75,5.67,3.86,2.7
196502,3.95,3.95,2.9,0.24,0.07,2.39
196503,2.03,1.56,0.27,-1.06,-0.88,-2.17
196504,4.96,4.13,4.22,3.36,3.34,3.22
196505,-1.44,-0.65,-0.87,-1.01,0.58,-1.95
196506,-9.15,-7.75,-10.38,-5.75,-4.05,-5.32
196507,4.09,2.92,2.15,4.14,2.04,0.99
196508,5.77,4.31,5.65,2.09,2.79,4.93
196509,2.25,3.63,3.99,2.64,3.44,3.66
196510,6.39,5.42,6.64,2.03,1.92,4.22
196511,3.33,4.1,5.61,-0.18,-0.52,2.07
196512,7.23,3.9,2.79,1.92,0.42,0.68
196601,7.17,5.74,4.84,0.48,0.54,1.73
196602,2.81,1.71,4.05,-1.88,-1.75,2.22
196603,-2.25,-2.74,-1.87,-1.01,-3.31,-0.89
196604,5.85,3.65,5.32,1.47,1.36,3.92
196605,-6.19,-8.5,-11.76,-4.57,-4.54,-5.8
196606,0.44,0.17,-1.45,1.48,-1.25,-1.62
196607,-0.81,-2.01,-1.53,-0.22,-1.38,-2.08
196608,-10.99,-9.35,-10.91,-7.42,-6.83,-7.99
196609,-1.72,-1.74,-1.86,0.6,-0.18,-1.31
196610,-2.34,-0.1,-2.34,2.32,5.55,5.26
196611,8.84,2.3,2.84,11.56,1.87,-0.58
196612,1.73,1.84,2.46,1.51,-0.56,0.22
196701,20.41,15.85,15.85,8.96,7.93,6.42
196702,4.49,3.89,3.03,1.63,-0.04,0.62
196703,8.77,5.38,5.61,5.24,3.25,4.72
196704,4.57,3.4,4.13,5.4,3.63,4.88
196705,-0.78,-1.09,-1.74,-3.09,-3.61,-5.74
196706,9.39,7.13,9.02,1.74,1.84,4.27
196707,7.92,9.74,7.36,5.33,3.62,5.7
196708,0.06,1.13,-0.73,-0.32,-0.87,-0.84
196709,5.59,5.93,6.25,2.99,3.08,3.56
196710,-2.57,-3.17,-2.04,-4.11,-3.72,0.15
196711,0.64,0.26,0.69,1.53,0.18,0.98
196712,9,7.49,11.54,4.9,2.22,2.63
196801,2.4,1.83,-0.35,-1.79,-4.83,-6.96
196802,-6.85,-5.07,-5.48,-3.67,-2.55,-3.42
196803,-1.38,-0.74,-1.07,3.1,0.75,-0.22
196804,16.28,13.85,15.77,8.42,7.81,10.24
196805,7.08,9.08,9.72,1.07,2.5,2.39
196806,3.69,1.78,-0.73,2.32,0.55,-0.75
196807,-3.84,-2.55,-3.02,-3.55,-1.67,-1.97
196808,4.48,3.4,3.19,1.55,1.68,1.35
196809,6.29,7.16,7.18,5.84,3.29,5.15
196810,1.32,0.87,-0.19,0.16,2.02,-0.99
196811,8.9,7.57,7.27,7.91,5.5,2.85
196812,1.23,-0.14,-1.47,-3.38,-3.78,-5.39
196901,0.66,-0.92,-1.59,0.54,-1.41,-2.01
196902,-8.66,-8.16,-9.97,-3.6,-4.33,-7.1
196903,3.31,1.28,1.66,2.49,3.12,3.46
196904,-0.01,-0.75,1.82,1.89,2.65,2.06
196905,0.57,-0.45,-0.62,0.86,1.39,-0.84
196906,-12.95,-10.27,-13.04,-7.71,-4.01,-7.36
196907,-10.72,-9.33,-8.53,-6.84,-6.96,-5.34
196908,8.19,4.89,4.33,6.72,5.38,3.97
196909,-1.56,-2.38,-0.93,-1.17,-2.61,-3
196910,10.51,7.41,8.72,3.67,5.3,6.56
196911,-5.19,-5.31,-6.09,-2.9,-2.64,-4.31
196912,-8.9,-5.69,-3.89,-2.25,-1.45,-1.18
197001,-4.31,-5.09,-6.93,-10.84,-6.87,-7.88
197002,4.95,3.88,2.16,7.14,5.67,4.6
197003,-2.69,-1.67,-3.78,0.24,-0.6,0.05
197004,-19.86,-14.74,-15,-12.59,-9.64,-8.49
197005,-10.83,-9.57,-9.09,-9.45,-7.15,-4.68
197006,-8.57,-7.94,-8.54,-5.02,-4.96,-4.74
197007,9.06,6.84,4.14,9.76,7.95,6.28
197008,8.8,6.31,5.34,5.11,4.36,5.58
197009,14.34,11.43,13.43,4.9,3.31,4.79
197010,-1.21,-3.77,-9.47,-0.53,-1.27,-6.01
197011,0.02,1.72,2.34,5.99,5.99,4.74
197012,9.86,9.27,7.88,7.87,6.15,4.88
197101,14.43,11.67,9.56,4.77,4.15,5.89
197102,6.19,3.8,3.42,2.1,0.72,1.29
197103,6.99,6.45,4.93,3.3,4.54,4.9
197104,3.14,3.46,2.38,4.04,3.57,2.98
197105,-5.01,-5.47,-5.23,-3.08,-3.36,-3.97
197106,-1.59,-1.42,-1.77,-0.73,0.46,1.23
197107,-4.88,-4.15,-7.32,-4.18,-3.51,-4.69
197108,7.02,3.55,3.08,9.18,3.81,2.22
197109,-0.91,-0.41,-0.38,-0.4,0.04,-1.52
197110,-6.57,-5.28,-6.19,-5.67,-3.46,-3.59
197111,-2.98,-3.37,-2.69,-1.18,0.58,0.15
197112,14.92,11.36,11.64,12.15,8.85,8.02
197201,9.7,8.13,9.12,2.16,1.97,3.33
197202,4.11,3.71,3,2.88,2.94,4.09
197203,1.22,0.22,-0.29,2.04,0.81,0.62
197204,0.71,0.76,-0.19,0.13,0.67,0.66
197205,-3.06,-2,-2.24,0.64,2.58,1.92
197206,-4.11,-3.57,-3.12,-3.36,-3.04,-0.88
197207,-4.1,-2.88,-3.45,-2.63,-0.31,1.25
197208,0.51,1.49,1.61,4.26,5.86,1.88
197209,-2.68,-2.93,-3.85,0.29,-0.3,-1.42
197210,-1.78,-1.18,-1.4,1.02,-0.02,2.41
197211,7.57,5.42,3.72,6.85,4.72,4.01
197212,-0.36,-1.24,-3.61,3.4,0.77,-1.11
197301,-4.71,-5.07,-6.81,-6.4,-2.65,-1.53
197302,-9.31,-8.09,-7,-5.85,-3.35,-3.76
197303,-2.82,-3.83,-3.08,-0.13,-0.59,-0.71
197304,-8.95,-6.39,-8.66,-5.4,-5.03,-4.37
197305,-9.03,-8.49,-7.84,-2.84,-1.18,-2.07
197306,-3.15,-4.54,-4.78,-1.9,-0.67,-0.58
197307,18.06,9.09,7.76,12.53,4.49,3.72
197308,-2.57,-3.9,-6.97,-3.1,-3.1,-2.19
197309,10.63,8.24,7.78,7.21,3.75,6.82
197310,0.95,-0.29,-2.09,0.47,-1.06,-0.06
197311,-20.4,-16.92,-17.15,-14.61,-11.84,-8.69
197312,-2.84,-3.24,-1.96,2.66,2.15,1.08
197401,17.1,9.31,5.29,2.9,0.98,-3.59
197402,1.02,0.43,-1.07,-0.52,1.49,0.08
197403,1.57,0.23,-1.71,-0.34,-2.4,-5.09
197404,-6.39,-5.51,-6.26,-5.88,-4.37,-3.36
197405,-9.01,-7.69,-7.06,-6.22,-3.26,-2.38
197406,-3.21,-3.57,-3.25,-3.85,-1.77,-1.87
197407,-4.69,-4.94,-5.43,-6.45,-8.02,-7.57
197408,-6.59,-8.8,-8.66,-8.03,-8.97,-10.07
197409,-6.21,-8.63,-9.79,-7.89,-12.55,-10.91
197410,15.3,7.84,6.08,22.68,14.82,14.26
197411,-4.23,-5.03,-5.81,-5.21,-4.84,-2.98
197412,-6.54,-6.6,-6.69,-3.68,-1.72,-2.82
197501,36.01,27.24,18.7,22.5,13.5,10.29
197502,7.26,4.74,1.83,7.73,3.16,3.8
197503,10.01,6,4.8,4.52,2.04,2.6
197504,4.8,4.61,1.9,3.66,4.67,7.45
197505,8.53,6.5,7.16,10.4,5.09,3.89
197506,8.09,7.81,4.26,6.95,4.74,4.31
197507,-1.04,-1.77,-5.01,-7.75,-5.94,-6.18
197508,-4.37,-4.91,-5.46,-2.2,-1.9,-2.47
197509,-3.61,-3.48,-3.8,-4.88,-3.3,-3.84
197510,2.96,1.43,2.22,7.81,6.01,5.4
197511,1.55,2.24,2.35,0.53,2.32,4.83
197512,0.64,-0.85,-2.25,1.31,-1.5,-2.33
197601,21.19,17.54,16.26,12.14,12.17,11.37
197602,8.94,7.82,9.65,-1.26,0.29,2.98
197603,4.21,1.36,-0.21,4.37,1.03,0.18
197604,-0.16,-0.48,-2.45,0.12,-0.76,-1.79
197605,-2.04,-1.64,-1.5,-1.79,-0.67,-0.67
197606,4.56,2.73,3.14,5.34,3.87,5.44
197607,0.72,1.2,-1.31,-0.87,0.07,-2.14
197608,-2.93,-1.48,-1.46,-1.26,0.35,1.21
197609,2.54,2.69,3.03,1.52,2.81,2.15
197610,-1.93,-1.23,-2.64,-1.09,-2.09,-2.74
197611,4.78,3.29,2.97,1.07,-0.63,1.67
197612,13,9.05,7.57,6.98,4.95,4.51
197701,3.34,3.18,0.34,-5.3,-3.64,-3.44
197702,-0.07,-0.12,-1.02,-1.69,-1.39,-3.43
197703,1.37,1.15,-0.36,-0.52,-1.67,-0.7
197704,1.32,2,1.34,-0.29,0.29,2.1
197705,0.03,0.56,-0.71,-2.16,-0.65,-0.85
197706,6.78,5.27,6.8,5.14,4.85,5.01
197707,1.44,0.85,-1.23,-2.4,-0.88,-1.84
197708,-0.95,-1.16,0.22,-1.69,-1.2,-1.52
197709,1.93,0.8,1.29,0.29,0.54,-0.81
197710,-1.8,-2.68,-3.1,-2.96,-3.9,-5.2
197711,10.03,7.29,6.26,4.55,3.68,4.06
197712,2.03,1.7,2.03,0.92,0.21,1.19
197801,-1.61,-2.31,-3.36,-5.5,-6.02,-6
197802,3.11,2.78,1.68,-1.44,-1.04,-2.51
197803,7.02,5.5,6.64,2.31,3.26,3.31
197804,7.26,8.15,8.04,9.41,7.94,8.24
197805,6.34,5.58,6.44,1.47,2.25,1.35
197806,2.06,0.54,-0.91,-1.11,-1.89,-0.88
197807,7.34,4.72,5.51,5.69,5.55,5.64
197808,8.63,7.64,8.19,4.9,3.19,3.49
197809,1.36,-0.28,-2.9,-0.1,-0.61,-3.12
197810,-21.76,-16.95,-19.23,-10.24,-10.2,-9.21
197811,11.18,3.84,0.38,9.79,4.29,2.25
197812,2.45,2.05,1.7,0.68,1.83,2.11
197901,12.58,8.15,6.68,8.03,4.06,2.82
197902,-1.47,-1.75,-3.41,-2.5,-3.3,-3.2
197903,10.95,8.49,8.56,6.54,5.75,6.19
197904,2.78,2.69,2.54,-1.09,1.43,-0.17
197905,-1.09,-1.11,-1.23,-0.39,-1.75,-1.92
197906,6.66,4.7,5.34,6.24,3.43,5.14
197907,3.5,3.55,1.3,0.31,2.12,1.34
197908,8.25,8.17,6.83,5.97,6.22,5.77
197909,-0.47,-0.31,-0.39,-1.67,0.53,1.36
197910,-11.28,-10.2,-9.98,-7.91,-7.47,-5.31
197911,9.34,7.34,6.83,6.28,5.89,6.06
197912,5.66,5.56,7.57,3.01,0.87,4.89
198001,7.48,7.4,8.75,4.56,5.4,10.01
198002,-2.64,-2.54,-1.18,-3.71,-2.13,4.8
198003,-14.22,-15.48,-20.67,-4.8,-8.27,-15.14
198004,7.98,5,5.48,5.85,4.28,5.57
198005,9.53,8.45,6.55,7.25,5.43,4.54
198006,6.15,4.32,3.55,4.64,2.71,2.83
198007,12.59,9.28,8.48,7.94,5.92,6.22
198008,5.24,5.38,7.22,2.68,0.99,2.63
198009,4.01,3.63,3.12,1.47,2.96,5.22
198010,3.71,4.11,4.08,-0.51,1.95,3.1
198011,5,4.79,10.9,4.61,9.67,18.31
198012,-1.36,-2.03,-5.08,2.04,0.07,-7.02
198101,-0.65,0.05,-0.57,-7.8,-2.74,-3.21
198102,-0.68,1.72,1.03,0.09,3.19,2.89
198103,7.98,7.36,6.99,6.07,3.55,3.83
198104,2.49,3.22,3.65,-1.8,-2.41,0.1
198105,2.33,2.55,4.36,-1.15,0.95,4.29
198106,-0.8,0.15,-4.81,1.91,-1.27,-3.1
198107,-1.75,-2.11,-3.01,-0.85,-0.49,1.62
198108,-8.7,-6.27,-7.4,-5.82,-5.05,-5.76
198109,-8.33,-7.46,-7.6,-5.89,-6.35,-4.31
198110,10.11,7.31,6.57,10.68,4.08,5.02
198111,3.62,4.61,1.4,6.86,3.57,3.96
198112,-1.38,-1.18,-2.49,-1.43,-2.99,-3.62
198201,-2.94,-2.94,-3.98,-3.97,-2.02,-0.61
198202,-6.45,-3.85,-3.7,-8.87,-4.36,-2.99
198203,-1.94,-1.07,-0.73,-2.27,-0.51,0.21
198204,6.08,5.69,4.86,5.84,3.9,3.71
198205,-2.36,-1.91,-4.44,-1.57,-3.18,-3.42
198206,-2.79,-3.75,-3.35,-3.01,-0.94,-2.77
198207,-2.37,-1.1,-0.5,-5.47,-1.34,-1.53
198208,9.32,7.47,7.84,12.62,13.02,11.82
198209,5.23,4.43,0.89,3.94,1.84,-0.47
198210,15.54,13.52,13.44,14.67,10.29,11.1
198211,8.08,8.88,9.36,1.37,4.88,9.02
198212,2.19,1.98,0.18,3.39,1.35,-2.15
198301,9.83,6.34,7,4.57,5.13,1.13
198302,6.27,5.81,3.83,4.46,2.71,1.36
198303,4.91,4.72,3.95,3.22,3.24,3.49
198304,7.5,7.67,7.31,6.44,7.58,7.75
198305,8.33,7.25,5.88,2.5,-0.21,-0.56
198306,4.03,5.05,3.24,4.23,2.38,4.61
198307,-1.34,-1.64,-4.23,-2.79,-3.47,-3.88
198308,-4.46,-2.83,-2.62,0.84,1.31,0.74
198309,1.52,1.75,1.22,3.75,3.58,-0.65
198310,-8.05,-4.56,-6.6,-3.21,-1.45,-1.29
198311,6.03,3.69,2.46,7.4,1.96,1.22
198312,-1.23,-0.9,-3.52,0.11,-1.37,-1.45
198401,-1.11,-0.76,-2.38,-1.22,-0.88,-1.22
198402,-5.91,-5.64,-5.51,-4.83,-5.27,-1.2
198403,0.85,0.95,-0.22,4.33,1.23,0.54
198404,-0.55,-0.34,-1.69,1.41,0.68,-0.53
198405,-5.67,-4.71,-5.73,-3.93,-5.21,-5.57
198406,3.93,2.75,1.81,3.1,1.89,3.37
198407,-5.72,-2.58,-4.65,-3.26,-0.43,-1.4
198408,15.31,10.05,8.47,16.63,11.11,8.92
198409,1.6,0.55,-2.84,2.17,0.17,-2.06
198410,-2.83,-0.84,-0.33,0.23,0.64,0.24
198411,-3.73,-0.94,-1.96,-0.49,-0.91,-0.84
198412,2.08,1.39,1.86,3.21,2.64,2.2
198501,14.13,11.58,11.91,9.92,7.44,7.6
198502,4.03,2.59,2.07,3.2,1.04,0.36
198503,-2.25,-0.82,-2.59,-1.47,0.19,1.45
198504,-2.31,-0.35,0.62,-2.04,0.67,-0.01
198505,2.97,2.93,4.52,6.15,6.61,5.63
198506,1.06,2.37,2.49,2.18,1.65,2.02
198507,3.54,2.55,1.21,2.32,-0.73,-2.64
198508,-0.34,-0.34,-1.06,0.77,-0.41,-2.11
198509,-6.81,-4.82,-5.3,-5.09,-3.39,-2.89
198510,4.71,3.53,2.71,3.87,5.42,4.45
198511,7.32,7.28,6.54,9.33,7.17,5.4
198512,4.1,4.78,3.94,2.48,6.01,3.86
198601,3.4,2.56,1.27,0.32,1.31,0.92
198602,5.23,8.72,7.34,7.1,7.7,8.16
198603,5.29,5.72,3.13,3.85,5.88,6.46
198604,2.83,1.68,0.25,1.23,-2.11,-1.89
198605,4.97,3.47,3.7,4.99,6.52,4.25
198606,-0.43,1.39,0.96,-0.71,1.92,2.65
198607,-10.91,-7.72,-8.02,-7.38,-5.87,-4.13
198608,4.53,2.6,2.15,7.8,6.49,7.92
198609,-6.46,-5.98,-7.79,-9.11,-8.98,-7.17
198610,5.08,3.06,1.38,7.27,4.44,3.97
198611,-0.62,-0.13,-1.28,1.37,2.84,0.78
198612,-2.66,-2.45,-3.23,-2.59,-2.46,-3.21
198701,12.41,11.53,11.19,12.28,13.52,12.61
198702,6.95,7.41,9.52,4.54,4.29,4.15
198703,2.48,2.47,2.24,2.96,2.69,-0.48
198704,-3.48,-2.69,-2.93,-3.03,-1.89,0.15
198705,-0.82,-0.81,-0.36,0.68,0.66,0.8
198706,2.51,2.82,3.01,4.86,4.91,4.18
198707,2.47,3.37,3.6,5.7,4.09,4.81
198708,3.97,3.46,1.97,5.5,4.18,2.61
198709,-2.06,-0.88,-2.81,-2.28,-3.03,-0.82
198710,-29.97,-26.39,-30.47,-23.52,-19.75,-22.58
198711,-6.56,-5.3,-3.38,-6.92,-6.96,-8.35
198712,11.7,7.44,2.76,9.74,5.9,6.88
198801,8.77,5.69,0.73,7.94,5.6,0.14
198802,9.71,7.87,6.05,7.38,4.54,2.37
198803,4.47,4.24,2.52,-3.67,-2.79,0.07
198804,2.05,1.44,1.73,1.01,0.97,0.65
198805,-2.07,-1.73,-2.33,0.76,1,-0.17
198806,7.58,6.22,6.38,6.35,5.49,3.93
198807,-0.07,-0.2,-1.82,1.71,-1.13,-3.35
198808,-3.36,-2.29,-2.41,-4.43,-2.81,-1.53
198809,2.1,2.34,2.6,3.95,4.39,3.8
198810,-1.6,-0.2,-0.96,0.95,2.87,2.13
198811,-3.93,-2.55,-2.92,-2.1,-1.21,-1.69
198812,4.86,3.39,2.38,3.34,1.93,1.52
198901,5.34,4.59,4.39,7.68,6.65,6.56
198902,0.93,0.91,0.22,-0.82,-2.11,-2.2
198903,1.9,2.31,2.45,1.13,3.39,2.29
198904,3.93,4.13,4.44,4.35,5.53,5.19
198905,2.72,4.12,4.95,2.09,3.92,5.31
198906,-0.82,-0.77,-3.06,0.36,0.06,-1.96
198907,4.34,3.46,4.2,9.37,8.8,6.91
198908,2.68,3.02,2.38,4.4,2.89,0.9
198909,0.09,0.23,0.78,0.97,0.26,-1.95
198910,-8.6,-5.03,-4.79,-5.79,-2.15,-1.14
198911,0.1,-0.11,1.09,0.12,1.67,2.63
198912,-1.27,0.05,0.89,-0.38,2.31,2.55
199001,-8.53,-7.61,-9.51,-6.39,-6.84,-7.51
199002,4.46,1.61,2.29,0.95,1.31,2.24
199003,4.05,2.5,3.93,2.87,2.03,2.52
199004,-4.37,-2.72,-3.62,-4.2,-2.63,-0.91
199005,6.64,6.52,6.72,9.61,8.65,10.43
199006,-0.21,1.23,0.37,0.55,-1.36,0.43
199007,-4.43,-2.73,-5.2,-2.61,-0.11,-0.75
199008,-14.39,-11.99,-12.49,-11.91,-10.23,-6.77
199009,-12.47,-8.54,-6.95,-9.41,-5.62,-2.94
199010,-6.1,-6.01,-6.81,-4.76,-1.07,1.29
199011,9.49,6.29,5.78,13.2,7.38,5.13
199012,1.89,4.61,3.6,0.67,2.99,5.21
199101,8.96,6.8,9.24,4.17,4.2,7.44
199102,14.78,11,10.71,6.39,8.01,6.46
199103,8.27,6.39,5.58,1.47,3.29,3.21
199104,1.8,1.67,0.05,0.53,0.31,-0.82
199105,4.22,3.64,3.53,5.04,3.43,5.08
199106,-4.36,-3.39,-5.59,-2.74,-4.9,-5.71
199107,5.73,3.14,2.98,5.51,4.85,4.17
199108,2.36,3.31,5.41,1.24,2.17,4.05
199109,-0.07,0.13,1.24,-1.91,-0.95,-1.6
199110,2.61,2.04,3.78,0.91,1.59,2.24
199111,-4.82,-3.28,-5.59,-4.72,-3.68,-3.14
199112,10.3,7.3,6.93,10.61,11.64,11.98
199201,12.44,7.92,6.78,2.7,-1.29,-2.26
199202,1.99,3.11,3.15,-0.04,1.91,4.24
199203,-4.73,-2.45,-2.97,-2.44,-2.1,-2.01
199204,-6.46,-2.4,-3.44,-0.7,2.68,3.03
199205,-0.06,0.53,1.4,1.43,0.7,0.31
199206,-4.32,-3.54,-4.8,-1.35,-1.47,-2.63
199207,4.43,3.01,2.73,5.07,5.16,2.67
199208,-3.42,-2.1,-3.22,-4.01,-1.7,-1.09
199209,1.16,1.86,2.66,0.97,1.34,1.72
199210,4.65,1.91,3.25,0.84,0.24,2.55
199211,8.27,7.58,8.82,3.66,3.38,5.22
199212,4.42,4.37,2.34,2.7,0.92,2.33
199301,4.52,4.1,2.84,-1.08,1.45,1.57
199302,-4.67,-0.81,-3.1,-0.95,2.17,0.32
199303,2.21,3.32,3.26,1.57,2.96,2.39
199304,-3.08,-2.51,-3.26,-5.93,-1.61,-2.24
199305,5.68,3.56,5.1,4.62,2.3,2.27
199306,1.08,0.82,-0.19,2.67,0.33,-0.54
199307,0.64,1.26,1.7,-3.37,0.4,0.91
199308,5.58,4.11,3.29,4.63,3.25,4.46
199309,3.48,2.94,2.61,0.16,-0.42,-0.26
199310,3.41,2.8,3.18,3.64,0.88,0.01
199311,-2.58,-2.77,-3.37,-2.56,-2.36,0.97
199312,2.73,2.95,2.99,3.17,1.88,0.64
199401,4.78,2.79,2.04,3.55,2.92,2.85
199402,-0.53,-0.79,-0.83,-2.35,-2.56,-2.89
199403,-6.36,-4.5,-6.15,-4.15,-4.38,-4.56
199404,-1.2,-0.41,-0.75,0.7,1.5,0.95
199405,-0.87,-1.08,-0.88,1.44,0.88,1.31
199406,-3.75,-1.84,-2.66,-2.02,-2.29,-3.46
199407,2.49,1.76,0.72,3.69,3.44,2.64
199408,6.24,5.16,5.17,5.62,3.96,3.82
199409,0.4,-0.17,0.3,-2.83,-2.54,-1.27
199410,-0.97,0.13,0.47,1.86,2.71,0.91
199411,-4.83,-3.99,-2.84,-5.43,-3.45,-3.24
199412,0.75,1.77,0.37,1.66,1.94,0.38
199501,2.2,0.66,-2.18,3.76,2.98,0.05
199502,4.22,3.6,2.75,5.6,5.15,2.21
199503,3.1,1.35,1.87,1.18,3.44,2.6
199504,2.14,1.7,2.8,2.7,2.21,3.18
199505,0.74,2.17,2.08,3.78,3.9,3.27
199506,5.68,5.21,6.9,5.82,2.61,2.1
199507,6.22,4.09,7.99,3.07,3.29,5.83
199508,3.9,2.75,2.2,1.56,0.46,0.68
199509,1.71,2.03,2.22,3.35,4.32,4.63
199510,-7.04,-4.21,-5.21,-0.19,-1.23,0.08
199511,3.76,2.54,4.24,5.21,5.4,3.61
199512,1.74,2.26,2.38,-0.76,2.61,0.53
199601,1.18,0.3,0.43,3.7,2.91,2.32
199602,4.86,3.02,2.57,3.12,1.34,1.11
199603,2.28,2.05,2.37,0.42,1.77,0.41
199604,8,5.33,8.18,3.45,0.8,1.81
199605,4.89,3.66,6.21,2.05,2.54,2.85
199606,-4.8,-2.4,-5.38,-1.27,0.33,-0.33
199607,-12.14,-7.1,-8.73,-6.92,-3.92,-5.39
199608,7.96,4.34,4.74,4.06,2.94,1.97
199609,4.19,3.88,4.17,5.5,6.25,4.44
199610,-3.41,-0.59,-2.39,0.56,2.1,1.82
199611,1.98,3.83,3.31,8.53,6.85,6.87
199612,1.56,2.5,1.55,-0.76,-1.69,-1.88
199701,5.23,4.57,2.35,6.66,5.13,4.26
199702,-3.29,-0.24,-4.32,0.22,1.79,-1.32
199703,-6.44,-3.51,-5.57,-3.15,-4.08,-5.88
199704,-2.03,-1.72,-1.71,7.06,5.58,2
199705,15.2,10.39,12.99,9.71,6.13,6.18
199706,5.82,7.21,5.24,4.12,4.85,3.11
199707,7.4,5.76,3.14,10.06,7.78,6.63
199708,3.48,3.08,3.99,-3.6,-5.31,-3.97
199709,10.27,8.22,7.91,5.89,4.8,4.87
199710,-4.2,-2.64,-4.56,-5.37,-2.5,-3.09
199711,-3.35,-0.98,-0.94,2.59,4.59,4.27
199712,-2.29,1.61,1.33,0.07,1.98,2.56
199801,1.73,-0.74,-2.74,4.26,0.46,-1.24
199802,9.41,6.92,7.09,8.13,7.77,6.7
199803,5.52,5.15,4.37,7.51,4.27,5.01
199804,1.81,1.78,1.07,2.99,0.82,0.26
199805,-6.39,-3.91,-6.11,-2.39,-1,-4.08
199806,-1.01,-1.64,-0.63,1.99,4.65,4.55
199807,-7.74,-6.49,-7.79,-4.75,-1.44,-1.02
199808,-23.88,-18.61,-20.57,-17.53,-13.72,-15.52
199809,10.68,4.74,2.4,3.15,8.38,5.78
199810,9.55,3.45,2.09,17.05,7.19,4.81
199811,8.4,6.29,6.11,6.88,6.32,6.24
199812,3.75,4.21,4.56,5.93,5.73,8.36
199901,5.44,1.65,1.63,-0.51,0,8
199902,-7.25,-6.92,-8.61,-1.61,-1.66,-4.93
199903,-0.26,-1.93,0.48,5.66,3.09,4.5
199904,10.87,6.51,9.15,6.09,5.65,2.93
199905,3.56,3.1,2.39,-2,-2.25,-3.06
199906,6.04,5.55,6.45,7.53,2.67,4.06
199907,-0.53,-0.53,-2.03,-1.81,-4,-3.16
199908,-5.13,-3.64,-1.99,-1.23,-1.59,2.09
199909,-0.99,-0.82,1.79,-1.76,-2.69,-2.88
199910,-0.06,-1.55,0.24,6.02,6.33,7.79
199911,9.58,5.99,13.96,7.11,3.9,2.43
199912,5.9,1.78,17.76,-1.15,5.04,14.91
200001,0.94,-0.96,1.79,-0.62,-3.91,-6.63
200002,5.81,6.75,25.66,0.13,-1.8,7.04
200003,4.48,2.33,-4.21,11.02,10.97,0
200004,-13.44,-4.11,-11.24,-9.39,-1.85,-7.67
200005,-11.49,-0.57,-2.42,-9.17,-0.59,-0.8
200006,19.03,6.42,8.28,12.88,1.36,-0.88
200007,0.73,0.54,-6.69,1.44,-0.55,-4.14
200008,8.85,5.28,6.17,7.33,6.97,9.08
200009,-8.02,-2.68,-4.97,-0.41,-3.04,-8.47
200010,-10.26,-3.81,-7.47,-4.91,-2.57,1.86
200011,-20.92,-7.09,-7.79,-20.47,-8.32,-4.55
200012,1.03,8.25,6.79,-2.68,4.34,4.82
200101,27.21,9.79,5.4,10.18,-1.83,-0.28
200102,-7.2,-3.21,-15.89,-2.39,-10.51,-18.15
200103,-11.51,-1.44,-2.65,-10.11,-4.91,-3.67
200104,15.58,7.35,4.99,13.49,6.49,4.32
200105,7.92,6.34,4.73,2.86,1.36,-1.22
200106,4.34,5.29,4.41,-2.64,-1.51,-3.73
200107,-6.67,-3.19,-5.81,-0.02,-1.6,-3.53
200108,-7.45,-1.6,-3.46,-8.75,-5.67,-4.88
200109,-19.78,-12.88,-13.74,-9.87,-7.87,-6.01
200110,18.73,5.99,3.02,11.9,4.27,-2.03
200111,9.94,7.38,10.63,6.6,5.83,12.18
200112,7.98,7.03,7.36,2.83,1.37,0.1
200201,-1.08,-0.24,-2.58,-1.41,-1.6,-2.98
200202,-6.46,-1.4,-4.22,-2.88,-0.18,-4.96
200203,10.65,8.78,7.78,6.52,2.47,3.76
200204,0.03,1.52,-2.49,-6.29,-4.35,-7.9
200205,-7.6,-2.75,-2.92,-1.4,-0.09,-0.71
200206,-6.92,-3.58,-3.96,-12.46,-5.6,-8.66
200207,-14.45,-13.95,-15.34,-6.57,-7.15,-8.82
200208,0.16,0.42,-0.39,2.74,0.62,0.53
200209,-10.14,-5.79,-7.65,-12.67,-8.83,-11.46
200210,9.79,3.09,1.77,10.67,9,3.63
200211,13.13,6.41,14.68,8.44,3.85,6.5
200212,-1.56,-2.51,-11.2,-0.54,-5.72,-12.06
200301,-1.87,-2.31,-2.11,-2.23,-2.81,-2.35
200302,-3.86,-3.01,-3.08,-2.1,-1.67,-1.32
200303,0.9,1.35,1.63,0.45,1.7,0.25
200304,12.73,9.3,10.71,11.52,7.32,7.33
200305,11.7,9.67,15.15,7.24,4.31,6.62
200306,3.82,2.05,4.06,2.02,0.43,1.96
200307,9.09,6,6.11,2.41,2.36,0.3
200308,5.05,4.16,5.69,1.67,1.81,3.95
200309,1.32,-0.58,-2.55,0.6,-1.2,-4.56
200310,9.26,7.86,8.57,8.23,5.57,4.68
200311,2.95,3.8,4.45,0.78,1.04,2.18
200312,3.49,3.12,2.12,5.56,4.08,3.44
200401,6.33,4.55,3.31,2.32,2.43,0.78
200402,2.16,1.61,-0.73,1.07,2.04,1.04
200403,-0.69,0.5,1.67,-2.64,-0.93,-0.66
200404,-4.57,-3.63,-3.5,-1.12,-1.78,-1.78
200405,3.02,-0.49,0.52,2.62,1.1,0.6
200406,3.61,4.28,3.41,1.97,1.83,1.56
200407,-8.81,-5.92,-6.67,-4.13,-3.19,-3.53
200408,-2.16,-0.04,-0.76,-2.69,1.37,0.72
200409,6.76,4.5,3.72,3.74,0.86,0.7
200410,2.99,1.96,1.99,0.99,1.75,1.67
200411,10.44,8.33,8.14,4.55,4.38,3.92
200412,4.92,2.89,3.59,4.19,2.87,3.71
200501,-3.47,-3.44,-5.22,-1.57,-2.52,-2.79
200502,0.3,1.83,2.93,1.28,1.88,3.33
200503,-3.54,-1.73,-3.34,-1.56,-1.38,-2.04
200504,-7.85,-5.46,-4.88,-2.65,-1.79,-1.93
200505,7.79,6.19,5.29,6.49,3.79,2.67
200506,4.89,4.25,3.23,-0.29,0.68,1.29
200507,7.68,6.57,5.88,3.46,3.85,5.47
200508,-1.98,-2.06,-0.99,-1.65,-0.73,0.24
200509,-0.9,0.01,2.25,-1.5,0.62,2.82
200510,-3.19,-2.47,-3.52,-0.19,-1.19,-3.02
200511,5.35,3.55,4.89,3.51,4.14,3.8
200512,0.75,-0.36,-0.11,1.69,0.2,-1.35
200601,9.18,7.11,9.06,2.76,1.56,5.08
200602,0.48,0.39,-1.37,1.32,0.41,-3.52
200603,4.79,3.48,5.09,2.09,1.25,1.74
200604,0.25,0,0.61,1.17,1.11,1.53
200605,-5.62,-4.56,-5.73,-3.34,-2.43,-3.17
200606,-1.37,-0.3,-0.68,-0.23,0.19,0.3
200607,-3.5,-3.2,-4.67,-1.4,0.7,-0.71
200608,3.47,2.39,2.09,3.98,2.21,1.85
200609,1.74,1.34,0.07,2.23,2.47,2.43
200610,6.18,5.35,5.44,3.06,2.93,4.28
200611,2.97,2.82,3.23,1.12,2.5,2.79
200612,1.2,0.93,-0.42,2.68,1.02,-0.45
200701,2.31,1.03,1.7,3.18,1.35,1.66
200702,-0.7,0.19,-0.61,-0.83,-2.35,-1.41
200703,-0.44,1.21,1.98,0.5,1.36,2.12
200704,1.75,1.97,2.68,4.73,3.87,4.4
200705,3.26,4.02,4.66,3.15,3.58,4
200706,-1.3,-1.31,-0.94,-2.4,-1.32,-1.07
200707,-7.87,-6.02,-4.75,-5.57,-2.35,-1.93
200708,0.3,1.61,1.1,-2.75,1.87,1.72
200709,1.21,1.01,1.99,4.65,3.86,3.28
200710,0.71,1.66,3.52,-1.54,1.78,3.42
200711,-8.73,-6.57,-7.75,-6.61,-2.95,-4.16
200712,-0.69,-0.27,-1.18,-4.64,-0.03,-0.06
200801,-4.43,-6.62,-9.36,-0.98,-5.91,-10
200802,-2.42,-3.38,-6.63,0.01,-2.6,-5.84
200803,-1.73,-0.01,-1.08,-1.76,0.43,-1.88
200804,3.76,3.69,2.78,7.99,4.92,2.69
200805,3.14,4.67,6.06,0.51,2.09,2.25
200806,-14.05,-9.35,-7.93,-12.97,-6.32,-4.78
200807,6.05,4.18,-0.74,2.87,2.02,-6.69
200808,3.32,4.69,4.45,-0.08,2.68,0.21
200809,-11.29,-6.69,-8.99,-14.87,-6.71,-9.86
200810,-27.69,-22.29,-17.44,-23.16,-16.31,-14.24
200811,-18.18,-13.52,-9.32,-16.61,-8.65,-5.18
200812,9.95,6.28,1.53,2.4,1.88,0.39
200901,-6.89,-10.42,-11.33,-10.6,-6.93,-7.19
200902,-14.93,-12.64,-10.36,-17.92,-8.19,-8.92
200903,12.88,11.87,9.87,13.9,6.75,9.82
200904,22.13,17.79,25.03,6.15,8.01,16.95
200905,4.74,4.92,7.38,5.07,4.98,8.21
200906,3.77,2.13,0.73,2.77,1.18,-3.99
200907,12.8,9.86,8.81,10.79,7.2,6.1
200908,3.76,2.33,5.71,2.42,3.47,4.7
200909,7.19,6.29,6.13,4.18,4.03,2.77
200910,-6.92,-5.79,-9.17,-1.8,-1.49,-3.98
200911,2.14,2.93,2.46,6.63,5.57,5.81
200912,8.78,8.25,8.49,4.79,2,1.88
201001,-1.72,-2.64,-4.13,-1.47,-4.92,-6.39
201002,5.12,4.78,3.44,4.15,3.44,2.26
201003,9.17,8.08,7.68,6.57,5.78,6.46
201004,6.24,6.4,6.26,0.28,1.5,3.81
201005,-7.44,-7.08,-8.35,-7.2,-8.77,-7.4
201006,-11.04,-7.26,-6.29,-8.35,-5.09,-3.42
201007,9.42,6.27,5.15,9.27,7.63,5.5
201008,-7.49,-7.28,-8.26,-4.08,-4.24,-5.41
201009,14.93,12.35,11.2,10.13,10.73,7.51
201010,4.07,3.71,4.15,3.24,3.6,5.87
201011,2.38,3.73,4.16,0.31,0.43,0.42
201012,10.85,7.96,7.72,7.56,6.16,5.85
201101,0.48,0.04,-0.3,2.16,1.96,2.93
201102,4.88,4.39,5.52,2.99,2.66,4.54
201103,2.04,2.19,2.64,-0.23,0.28,0.74
201104,2.17,1.45,2.77,2.01,3.68,3.43
201105,-2.25,-1.59,-1.79,-2.09,-1.8,-0.08
201106,-3.67,-1.61,-1.63,-1.62,-1.83,-1.52
201107,-4.31,-4.2,-3.43,-3.22,-2.07,-1.79
201108,-10,-8.06,-10.51,-8.33,-5.16,-5.12
201109,-15.18,-10.68,-8.89,-17.14,-8.28,-3.99
201110,21.62,16.46,10.72,21.15,14.52,7.46
201111,-0.79,-0.87,-1.06,0.75,-1.01,-1.35
201112,-0.04,0.46,0.69,-0.86,1.06,1.31
201201,12.1,6.71,6.1,9.67,4.22,2.43
201202,4.31,3.36,2.5,3.9,3.82,6.58
201203,2.74,3.11,2.39,2.19,2.97,3.98
201204,-2.71,-1.31,-1.92,-1.34,-0.38,-1.03
201205,-8.48,-6.58,-6.68,-10.02,-5.15,-4.87
201206,4.22,4.45,5.36,3.42,3.89,3.77
201207,-0.63,-2.14,-2.52,1.58,1.08,0.64
201208,4.89,2.56,1.84,5.82,1.55,2.74
201209,3.85,3.74,3.27,2.14,2.73,2.98
201210,-1.45,-2.04,-3.33,-2.51,-1.37,-1.38
201211,1.04,0.73,0.75,1.58,0.57,0.16
201212,3.64,3.34,3.52,1.63,0.41,1.57
201301,6.62,6.32,6.01,4.15,6.03,7.53
201302,-0.09,1.57,2.57,0.95,1.78,0.47
201303,4.14,5,5.46,2.32,4.08,4.88
201304,-0.69,-0.63,0.56,0.51,2.33,1.68
201305,6.05,5.09,5.97,4.73,2.84,1.43
201306,-0.1,0.66,0.45,-0.25,-1.82,-1.84
201307,7.84,7.87,6.68,8.28,4.31,5.57
201308,-2.49,-2.95,-3.23,-2.62,-3.64,-0.45
201309,6.02,6.61,6.06,2.89,3.6,3.93
201310,2.08,3.22,1.97,3.81,4.86,4.27
201311,4.78,5.19,3.71,3.41,2.92,2.96
201312,3.29,2.68,2.37,3.49,2.85,1.92
201401,-2.52,-2.83,-2.81,-2.77,-3.9,-3.02
201402,4.54,4.46,5.01,4.6,4.76,4.68
201403,0.43,0.29,-0.89,1.39,1.16,-2.58
201404,-5.91,-3.33,-3.65,-2.21,1.61,-0.3
201405,0.16,0.63,0.56,2.79,2.88,1.35
201406,6.29,4.82,6.5,1.54,2.38,2.65
201407,-3.97,-5.67,-7.89,-1.15,-1.9,-2.69
201408,5.82,4.14,3.75,5.21,3.95,4.23
201409,-5.77,-5.61,-5.46,-2.44,-0.92,-2.41
201410,4.13,7.05,5.63,-1.45,2.59,2.49
201411,-3.49,1,0.68,1.62,2.89,4.35
201412,1.27,3.32,3.01,-0.86,0.03,-0.48
201501,-5.69,-4.77,-3.95,-1.89,-3.75,-2.75
201502,9.16,6.6,5.21,8.29,6.05,4.97
201503,0.94,1.7,0.82,-1.31,-1.38,-0.96
201504,0.32,-1.39,-2.4,3.17,-0.09,-2.31
201505,3.45,1.38,0.36,2.23,2.01,0.21
201506,-1.62,1.39,2.34,-3.81,-1.81,-0.64
201507,-7.17,-3,-0.08,-0.42,2.63,2.85
201508,-4.68,-5.18,-7.53,-5.65,-6.19,-6.08
201509,-9.68,-4.07,-5.94,-4.99,-2.22,-2.12
201510,6.32,5.96,5.17,8.45,7.84,7.89
201511,4.9,2.58,3.99,-0.01,0.09,0.94
201512,-4.4,-5.96,-5.38,-1.67,-1.77,-2.97
201601,-12.37,-9,-11.6,-8.25,-7.27,-3.51
201602,-0.6,1.2,0.73,-0.15,-0.44,0.35
201603,10.93,7.82,8.18,7.12,6.46,6.79
201604,3.18,2.07,5.2,1.8,0.26,-0.42
201605,0.86,1.44,1.01,2.5,1.27,2.11
201606,-0.62,-0.5,-1.42,0.21,1.11,-2.09
201607,7.29,5.94,5.37,7.68,4.12,0.64
201608,3.35,1.94,2.62,-0.38,0.42,1
201609,3.03,0.41,2.63,-0.73,0.65,-0.36
201610,-4.42,-3.62,-7.79,-0.92,-1.81,-2.97
201611,11.08,12.53,11.33,5.23,3.55,4.89
201612,1.09,2.95,2.59,1.76,1.61,2.37
201701,2.83,0.49,-1,3.86,1.95,0.8
201702,1.53,1.31,2.37,2.98,3.62,4.36
201703,-0.27,0.06,2.34,0.51,0.32,-0.16
201704,0.02,1.43,1.85,-0.39,1.07,2.18
201705,-4.51,-2.25,-1.19,-0.77,1.07,3.08
201706,5.46,3.34,2.24,3.19,2.48,-1.63
201707,1.46,0.74,0.03,3.26,1.54,0.6
201708,-1.73,-1.42,-1.72,-0.55,0.56,0.25
201709,8.96,7.6,5.62,3.26,2.68,1.14
201710,-2.22,0.96,0.26,2.87,2.02,2.04
201711,3.31,3.27,2.41,2.23,4.25,2.51
201712,0.49,-0.1,0.73,0.63,1.15,1.9
201801,2.42,2.59,2.41,5.67,6.54,4.58
201802,-5.08,-3.4,-3.28,-2.92,-4.81,-2.7
201803,0.16,1.88,0.54,-1.5,-2.57,-2.54
