Month,SMALL LoCFP,ME1 CFP2,SMALL HiCFP,BIG LoCFP,ME2 CFP2,BIG HiCFP
195107,3.39,6.27,5.63,7.51,7.2,9.43
195108,7.38,4.98,4.83,3.61,4.97,5.79
195109,0.77,1.72,2.08,1.2,1.82,2.67
195110,-1.86,-1.13,-2.4,-3.05,-2.49,-3.37
195111,0.12,1.48,1.2,0.84,1.33,1.93
195112,0.71,2.44,1.34,3.18,2.58,2.63
195201,1.47,1.24,0.77,1.69,1.03,2.95
195202,-3.34,-1.66,-1.51,-3.29,-2.73,-2.94
195203,1.17,0.3,2.94,1.71,4.08,5.54
195204,-3.25,-5.68,-5,-4.62,-5.28,-6.61
195205,0.43,2.79,2.17,2.51,3.4,2.38
195206,3.75,2.52,3.53,2.85,3.8,5.18
195207,0.81,0.82,0.89,0.72,2.01,1.18
195208,-0.35,0.8,0.16,-0.05,0.54,-1.05
195209,-1.12,-0.82,-1.23,-1.73,-0.98,-2.54
195210,-2.76,-1.5,-1.66,-0.69,-1.1,-0.62
195211,6.08,4.62,6.33,6.05,6.22,6.63
195212,3.33,2.67,1.95,2.24,2.13,2.12
195301,4.5,2.83,4.77,0.28,0.77,0.92
195302,5.2,0.87,2.19,0.26,0.66,-0.07
195303,-4.87,-1.25,-0.31,-0.28,-0.68,-1.23
195304,-1.2,-1.81,-0.33,-2.29,-3,-1.51
195305,1.5,1.31,0.65,0.46,0.08,0.39
195306,-4.08,-3.13,-4.29,-2.61,-2.22,-2.62
195307,0.14,1.68,2.13,2.77,2.51,1.76
195308,-5.16,-3.05,-6.25,-2.88,-2.99,-6.58
195309,-1.4,-1.11,-0.32,1.01,0.5,-0.43
195310,1.44,3.62,3.93,3.66,4.38,5.98
195311,4.3,1.24,1.33,3.28,3.01,3.17
195312,0.94,-0.38,-2.51,-0.09,0.34,0
195401,6.1,6.26,7.48,4.43,5.34,8.27
195402,0.7,2.1,1.15,1.24,1.77,2.97
195403,2.62,1.6,2.28,3.44,2.6,5.61
195404,4.05,2.09,0.05,2.18,2.66,2.07
195405,2.62,3.04,5.66,3.19,3.48,4.76
195406,0.73,3.28,1.59,1.88,1.65,1.7
195407,4.31,5.95,10.12,6.14,5.96,8.53
195408,-0.29,-1.69,-0.37,-2.54,-2.39,-1.81
195409,4.42,4.62,4.53,3.76,5.1,7.18
195410,-1.41,-1.63,0.55,-1.8,-1.19,1.5
195411,7.32,8.15,11.4,8.05,9.21,11.58
195412,12.68,9.78,10.46,3.84,4.41,10.78
195501,0.76,1.65,2.74,-0.32,1.3,2.66
195502,4.85,4.88,6.68,2.59,4.29,5.1
195503,1.54,0.9,0.02,0.14,-0.89,0.54
195504,-1.09,1.84,2.52,3.27,3.32,1.81
195505,-0.45,-0.47,0.15,1.85,0.63,1.61
195506,3.78,3.23,3.95,3.04,3.74,6.45
195507,1.95,1.43,1.71,0.37,1.56,1.1
195508,0,0.64,0.35,1.39,0.69,0.96
195509,-0.77,-0.42,0.62,-2.09,-1.62,-0.47
195510,-1.88,-1.7,-0.9,-1.9,-1.86,-2.25
195511,6.01,4.07,4.56,6.25,5.08,8.04
195512,5.47,2.51,2.02,2.76,1.99,2.54
195601,-2.07,-0.08,-2.07,-3.88,-2.6,-2.34
195602,1.41,1.9,3.41,4.87,3.04,4.29
195603,2.68,4.34,5.13,7.07,5.13,7.47
195604,0.26,1.56,1.15,-0.15,0.2,1.64
195605,-5.63,-4.32,-3.51,-3.73,-2.89,-5.61
195606,1.5,1.91,1.76,3.77,3.06,3.58
195607,2.09,2.65,4.67,4.28,4.87,6.24
195608,-0.96,0.82,0.04,-2.8,-1.88,-1.77
195609,-1.38,-2.69,-3.05,-5.82,-4.19,-3.09
195610,-0.03,1.4,1.2,0.87,0.29,1.68
195611,2.9,1.24,0.7,-0.52,0.13,2.4
195612,3.64,4.14,2.6,3.42,2.21,4.5
195701,1.88,3.58,0.65,-1.89,-0.13,-3.64
195702,-3.54,-4.1,-2.37,-0.54,-1.65,-2.69
195703,1.08,1.9,2.55,3.48,1.9,1.38
195704,2.36,2.9,2.63,4.01,1.87,3.31
195705,1.06,2.26,0.47,3.78,2.28,2.66
195706,-2.9,-0.69,0.12,-0.27,-2.59,-1.55
195707,0.62,-0.27,1.67,0.76,0.42,0.44
195708,-2.51,-4.8,-4.55,-5.7,-3.68,-5.35
195709,-5.03,-4.37,-4.27,-5.68,-3.44,-5.53
195710,-6.15,-6.68,-6.92,-4.04,-3.44,-4.95
195711,8.07,0.84,1.24,4.51,3.11,3.29
195712,-3.04,-4.72,-4.6,-2.93,-1.09,-6.11
195801,11.19,12.54,12.26,5.93,7.02,9.82
195802,-3.46,-2.05,0.37,-1,0.37,-0.81
195803,6.38,3.88,4.52,3.36,3.9,4.04
195804,6.71,1.77,2.51,2.36,3.09,1.79
195805,4.03,3.31,3.7,2.94,2.86,3.88
195806,2.28,3.24,3.2,2.85,2.29,2.35
195807,4.53,4.96,6.58,4.3,4.41,6.38
195808,2.48,3.13,3.84,1.86,2.14,3.89
195809,7.71,5.38,7.1,4.4,4.04,6.19
195810,4.09,3.18,4.08,2.96,3.59,1.93
195811,4.12,7.99,2.9,4.47,4.14,3.78
195812,3.85,3.64,4.22,4.9,4.57,3.79
195901,4.63,4.64,7.56,0.95,2.27,4.92
195902,2.76,5.68,4.08,3.15,2.26,3.24
195903,4.74,0.87,3.3,0.9,0.46,2.45
195904,4.42,3.56,2.14,3.42,2.42,3.97
195905,-1.78,0.89,0.84,0.38,1.31,2.32
195906,-0.17,1.56,1.05,0.92,-0.11,0.86
195907,2.22,3.55,3.6,3.02,3.08,3.42
195908,-2.92,-1.36,-0.73,-2.38,0.22,-2.48
195909,-7.04,-3.05,-4.18,-4.9,-4.18,-4.55
195910,3.24,1.59,1.75,3.17,2.14,2.53
195911,2.32,1.62,2.17,2.7,1.75,1.95
195912,5.18,3.06,1.88,2.22,1.55,1.48
196001,-5.43,-3.33,-4.6,-6.79,-4.71,-5.47
196002,6.64,0.7,1.75,2.27,1.44,0.5
196003,-3.62,-1.74,-2.85,-0.98,-1.08,-2.85
196004,-1.01,-2.21,-2.23,-0.88,-0.9,-0.91
196005,4.4,2.51,2.41,5.64,2.89,0.34
196006,2.32,1.94,3.29,1.66,3.2,2.55
196007,-4.55,-2.36,-1.33,-4.1,-1.16,-0.7
196008,3.19,2.4,4,2.38,3.4,4.95
196009,-7.64,-5.02,-5.96,-6.85,-5.28,-4.7
196010,-6.47,-1.99,-3.35,-2.65,-0.76,-1.14
196011,5.55,4.67,3.9,6.92,5.54,4.83
196012,6.77,3.13,3.36,4.37,5.1,5.05
196101,8.37,7.16,11.15,5.3,6.51,9.19
196102,8.21,6.6,7.46,5.22,5.1,4.69
196103,7.7,6.92,5.43,2.88,4.28,3.34
196104,3.33,0.34,1.62,-0.44,0.07,2.11
196105,3.76,4.65,6.46,4.45,3.73,4.02
196106,-5.32,-3.55,-5.19,-3.52,-2.91,-3.29
196107,1.56,0.79,0.83,1.35,2.72,2.26
196108,0.12,1.46,1.02,4.4,2.89,1.93
196109,-5.4,-3.37,-2.57,-2.04,-1.35,-4.07
196110,2.33,2.52,0.55,1.58,3.7,2.53
196111,8.86,6.78,3.91,4.2,4.35,3.54
196112,-0.83,-0.67,1.63,-1.73,-0.87,2.17
196201,-1.33,-0.51,1.81,-4.81,-2.64,-0.29
196202,-1,1.87,2.29,0.76,1.62,2.14
196203,0.69,0.19,-0.19,-0.68,0.3,-1.69
196204,-9,-7.51,-6.59,-7.87,-5.05,-6.45
196205,-12.27,-9.48,-9.78,-11.01,-8.95,-7.34
196206,-10.34,-8.02,-6.64,-10.93,-6.91,-6.9
196207,8.81,6.18,5.97,7.14,4.84,5.24
196208,3.46,2.2,4.03,2.05,2.39,2.36
196209,-7.62,-6.35,-6.59,-6.24,-4.63,-4.98
196210,-6.2,-3.95,-2.25,-1.83,-0.1,0.12
196211,15.82,12.92,13.33,14.19,11.52,12.04
196212,-3.13,-1.14,-0.54,0.47,0.79,0.44
196301,9.36,9.16,8.96,4.87,6.13,6.7
196302,-3.05,-1.45,-0.03,-3.08,-1.83,-1.26
196303,0.07,2.11,1.95,1.4,2.51,4.03
196304,2.47,3.06,3.56,4.03,3.87,5.54
196305,3.7,2.78,4.25,2.34,1.8,3.26
196306,-1.47,-2,-1.62,-1.11,-1.66,-1.77
196307,-0.12,-0.17,-1.05,-0.24,-1.26,-0.76
196308,3.25,4.39,3.6,6.19,4.96,6.22
196309,-1.47,-0.45,-0.86,-2.4,-1.73,-2.01
196310,0.52,1.17,1.79,2.14,1.07,3.81
196311,-3.87,-1.1,-1.35,-1.18,-0.59,0.19
196312,-0.38,-0.15,-1.27,0.84,1.61,2.48
196401,4.4,3.24,5.41,1.38,0.71,3.24
196402,1.82,2.4,2.37,1.26,2.43,4.12
196403,2.11,2.59,4.91,0.76,3.15,5.82
196404,-1.15,-0.23,-0.53,-0.51,0.76,-0.75
196405,0.54,0.22,0.39,1.37,0.79,2.46
196406,0.72,1.33,1.15,1.77,2.2,1.41
196407,1.45,2.71,4.05,2.5,2.52,2.23
196408,0.14,-0.3,-0.01,-1.43,-0.16,-0.26
196409,3.51,3.92,3.17,3.29,3.16,4.35
196410,1.12,1.85,3.52,1.29,1.13,1.73
196411,-1.19,-0.4,-0.48,0.89,0.71,-0.3
196412,-1.22,-0.49,-1.89,0.43,-0.43,-1.43
196501,8.68,7.46,7.64,5.72,4.54,5.73
196502,2.55,3.3,4.52,1.9,2.8,3.44
196503,1.08,1.64,2.5,-0.56,-0.72,-0.09
196504,3.57,5.69,4.41,2.73,3.23,3.66
196505,0.35,-0.44,0.25,-0.37,-0.8,0.22
196506,-11.08,-8.79,-8.54,-6.01,-6.23,-7.71
196507,2.42,2.88,3.47,2.25,2.47,3.28
196508,6.14,4.62,3.44,4.1,3.93,3.63
196509,4.83,4.45,2.77,2.81,2.42,5
196510,7.88,5.97,6.97,2.43,3.38,5.93
196511,4.6,6.25,6.73,1.49,1.94,3.53
196512,6.3,5.27,5.36,1.32,2.62,3.07
196601,9.29,5.93,8.48,0.85,2.24,4.77
196602,7.07,3.24,4.51,-0.96,-0.85,0.76
196603,0.59,-1.4,-1.57,-1.06,-2.47,-0.82
196604,6.99,5.35,5.48,2.27,2.54,3.65
196605,-11.57,-9.38,-10.03,-4.32,-5.87,-7.82
196606,-0.1,-1.32,0.35,-1.32,-0.97,0.92
196607,-2.57,-1.69,-0.93,-1.01,-0.98,-2.05
196608,-11.21,-10.36,-10.56,-7.88,-8.17,-8.55
196609,-1.89,-1.58,-1.91,-0.94,-1.35,-1.79
196610,-5.2,-2.88,-2.16,2.89,3.99,2.27
196611,7.44,3.22,2.62,5.48,2.44,2.8
196612,2.9,2.14,0.81,1.51,2.71,1.5
196701,22.26,18.68,20.46,8.66,10.32,13.27
196702,8.51,4.14,4.58,1.52,0.08,-0.1
196703,7.14,6.22,5.71,4.47,5.16,5.66
196704,5,3.81,4.71,5.36,2.99,3.04
196705,-0.24,-0.54,-0.25,-3.42,-2.89,-1.05
196706,14.45,10.25,8.92,2.33,2.86,3.77
196707,9.11,8.83,10.35,4.3,6.44,6.43
196708,-0.96,0.72,1.64,-0.86,-0.7,0.99
196709,8.44,7.48,7.23,3.56,2.13,3.36
196710,2.09,-2.21,-2.17,-3.47,-4.15,-4.36
196711,-0.97,0.58,-0.27,2.19,-0.24,-0.42
196712,12.72,8.37,9.12,2.48,4.52,5.39
196801,1.55,3.93,4.91,-5.01,-2.82,-0.9
196802,-8.59,-6.96,-4.68,-4.25,-3.44,-3.92
196803,-1.82,-1.97,-0.49,1.06,-0.6,-0.7
196804,17.49,14.79,16.39,10.89,8.78,11.7
196805,12.24,9.92,12.26,3.17,3.25,4.11
196806,0.16,1.18,2.31,0.7,3.2,0.83
196807,-4.98,-3.07,-1.35,-5.79,-3.22,-1.16
196808,3.82,3.92,4.51,1.11,1.75,2.78
196809,7.73,6.74,8.43,5.42,4.95,6.09
196810,-0.35,0.96,1.53,0,1.59,2.06
196811,6.97,7.48,6.95,6.9,7.62,7.2
196812,3.23,0.75,0.29,-3.84,-2.75,-1.59
196901,-0.78,-0.93,0.38,-2.5,0.34,-0.52
196902,-11.33,-8.17,-8.08,-6.66,-6.21,-6.26
196903,2.49,1.23,2.45,2.81,1.05,2.01
196904,-0.32,0.15,0.06,2.99,0.84,0.1
196905,0.58,0.64,0.9,-0.32,-0.73,0.66
196906,-14.18,-11.78,-11.13,-7.62,-7.75,-8.6
196907,-12.39,-9.74,-8.24,-6.76,-6.83,-6.85
196908,5.78,4.44,3.88,8.81,4.62,2.86
196909,-2.75,-3.26,-1.84,0.61,-2.9,-3.18
196910,13.3,9.06,7.19,7.73,7.39,6.06
196911,-7.07,-5.38,-6.07,-2.98,-3.78,-4.85
196912,-9.49,-7.13,-6.9,-1.13,-2.07,-3.64
197001,-3.01,-2.32,-1.67,-9.07,-7.11,-6.62
197002,3.34,2.84,3.72,5.28,6.4,7.24
197003,-5.52,-1.06,0.22,-3.44,0.53,1
197004,-21.94,-14.31,-11.92,-14.79,-11.93,-8.9
197005,-9.38,-9.8,-8.17,-11.02,-8.05,-5.29
197006,-11.07,-7.19,-5.79,-6.2,-5.2,-6.3
197007,5.73,5.65,5.33,6.16,8.24,8.85
197008,6.95,5.86,6.88,5.37,5.43,6.33
197009,20.08,13.12,12.68,9.42,4.78,4.17
197010,-9.56,-6.94,-5.4,-2.82,-2.89,-3.19
197011,-3.16,0.23,-0.21,4.2,6.45,4.16
197012,7.4,9.97,10.37,6.62,8.63,9.04
197101,16.45,16.02,15.88,6.07,5.91,7.62
197102,7.18,4.43,4.74,3.1,0.85,1.84
197103,7.07,5.55,5.93,6.62,3.89,3.3
197104,2.55,2.65,2.37,3.83,2.7,3.84
197105,-6.27,-5.2,-5.87,-2.81,-3.89,-3.28
197106,-1.88,-2.21,-2.38,0.68,0.71,-2
197107,-7.28,-5.93,-5.31,-4.39,-4.15,-5.28
197108,3.76,4.34,4.4,5.95,4.22,5.12
197109,-0.08,-0.81,-0.07,0.87,-1.18,-2.59
197110,-7.34,-4.86,-5.83,-4.62,-4.08,-6.28
197111,-4.12,-4.15,-3.62,-0.9,-1.22,-1.55
197112,14.31,12.2,12.96,11.38,10.22,10.56
197201,14.6,10.85,11.98,3.04,2.15,3.95
197202,6.09,4.23,3.98,5.16,2,2.55
197203,-0.09,0.62,-0.34,0.64,1.16,-0.12
197204,0.12,0.03,0.51,0.66,-0.1,0.18
197205,-2.7,-2.77,-2.49,2.02,-1.39,0.15
197206,-3.72,-3.34,-3.24,-2.66,-2.27,-4.95
197207,-4.45,-3.24,-2.34,-2.04,-1.99,-1.57
197208,-1.11,1.5,1.06,0.49,4.83,6.15
197209,-4.35,-3.56,-3.55,-1.85,-2.29,-2.04
197210,-4.04,-1.26,-1.01,-0.72,0.78,1.88
197211,2.53,5.07,6.66,4.4,7.55,8.86
197212,-2.77,-2.39,-2.78,0.99,-1.46,-1.49
197301,-5.47,-4.11,-2.22,-6.67,-6.33,-3.29
197302,-9.89,-7.81,-6.58,-7.62,-5.01,-4
197303,-3.77,-3.42,-1.83,-3.52,-1.68,-0.76
197304,-9.83,-6.64,-5.81,-9.49,-5.35,-3.4
197305,-11.22,-8.87,-8.35,-5.79,-4.71,-3.33
197306,-4.5,-3.61,-3.19,-3.67,-3.22,-1.31
197307,18,12.55,10.62,12.6,6.12,4.76
197308,-4.65,-5.85,-5.15,-2.87,-2.03,-2.07
197309,10.59,7.74,7.21,8.42,10.12,11.09
197310,-1.02,0.75,0.62,-1.58,0.08,0.52
197311,-22.24,-19.32,-16.9,-17.19,-14.43,-12.83
197312,-4.9,-4.31,-4.43,-0.79,2.41,4.06
197401,15.6,15.96,15.77,1.93,5.65,5.71
197402,-0.73,1.2,2.26,-1.74,1.52,2.27
197403,1.12,1.88,2.13,-1.5,-2.73,-2.1
197404,-6.74,-4.66,-3.69,-6.41,-6.88,-4.74
197405,-8.19,-6.78,-5.94,-6.26,-6.41,-6.6
197406,-3.4,-1.83,-1.85,-3.72,-3.64,-2.95
197407,-6.06,-4.57,-3.81,-8.07,-2.21,-3.29
197408,-8.73,-7.1,-7.34,-10.9,-8.6,-6.45
197409,-9.98,-7.7,-7.72,-11.2,-6.4,-8.16
197410,11.04,8.63,6.75,21.95,12.48,8.63
197411,-5.33,-5.64,-5.97,-2.86,-2.66,-4.03
197412,-9.36,-7.12,-9.11,-4.17,-2.85,-4.44
197501,33.69,30.76,33.8,17.32,21.94,25.41
197502,7.87,5.19,3.86,6.83,3.64,3.43
197503,9.67,9.19,11.22,5.12,4.78,7.51
197504,4.76,4.59,2.45,6.08,2.91,5.05
197505,9.51,7.92,8.03,6.15,6.54,4.37
197506,8.64,8.63,7.9,5.85,7.41,7.11
197507,0.41,-0.61,0.84,-6.83,-4.58,-4.99
197508,-4.84,-4.96,-5.72,-4.4,-2.07,-1.28
197509,-3.91,-3.09,-3.43,-5.09,-2.54,-4.32
197510,0.49,2.19,1.2,6.58,5.5,3.22
197511,1.31,2.46,2.56,3.17,3.54,4.52
197512,-0.92,-1.21,-0.18,-1.25,0.01,0.71
197601,18.95,19.31,23.13,12.14,14.72,20.78
197602,11.7,11.64,14.5,0.51,2.74,6.68
197603,1.67,1.16,2.57,1.8,1.49,1.86
197604,-1.42,-0.6,-0.81,-1.59,-0.45,-1.51
197605,-1.88,-1.86,-2.74,-2.13,-0.71,0.69
197606,2.52,2.45,2.74,4.8,5.49,6.56
197607,-0.01,0.43,0.63,-0.76,-0.06,-0.77
197608,-3.58,-1.08,-0.96,-1.24,0.31,-1.55
197609,1.66,2.18,1.86,1.55,2.85,4.36
197610,-3.48,-1.78,-2.12,-2.65,-1.77,-1.89
197611,2.68,2.65,2.79,1.67,2.92,3.79
197612,10.95,10.28,10.33,5.94,7.75,8.38
197701,3.7,4.45,4.95,-6.34,-1.41,0.79
197702,-0.75,-0.87,1.66,-2.51,-1.85,-1.55
197703,1.14,0.75,1.34,-0.82,0.13,0.72
197704,1.09,1.21,2.02,-0.45,2.2,3.43
197705,0.29,0.65,0.86,-1.22,-0.37,0
197706,5.72,5.79,5.81,5.82,4.48,5.38
197707,0.93,1.48,1.74,-0.88,-1.63,-2.59
197708,0.52,-0.46,-0.92,-0.11,-2.24,-2.68
197709,1.45,1.25,1.93,-0.4,0.34,0.34
197710,-3.03,-1.6,-1.63,-4.11,-3.18,-3.41
197711,7.8,8.39,7.24,5.91,5.54,6.62
197712,2.4,2.05,2.87,0.39,0.41,0.68
197801,-1.05,-1.36,-0.18,-5.86,-4.74,-4.98
197802,2.16,3.55,3.57,-1.48,-0.35,-0.03
197803,7.32,7.02,7.18,5.54,3.84,4.89
197804,8.79,8.38,7.61,9.39,6.22,7.95
197805,8.34,7.92,7.87,3.42,2.77,4.31
197806,1.19,0.21,1.28,-0.98,-0.33,-1.22
197807,5.73,5.17,5.22,5.72,4.72,7.49
197808,10.23,9.48,11.06,5.74,4.42,5.3
197809,0.79,-0.33,0.76,-2.08,-0.62,-1.21
197810,-22.63,-18.91,-19.29,-13.33,-12.08,-13.92
197811,6.87,5.2,4.28,3.53,3.44,3.58
197812,1.9,1.71,1.68,1.2,0.56,1.81
197901,10.57,9.8,10.26,5.87,6.28,6.45
197902,-2.37,-2.1,-1.29,-4.06,-2.83,-3.03
197903,9.9,7.94,7.99,6.99,6.69,9.33
197904,2.43,3.27,3.25,1.4,-0.28,1.89
197905,-1.73,-0.96,1.26,-1.85,-0.56,-1.28
197906,6.45,5.32,4.28,4.13,6.73,5.56
197907,2.4,2.62,2.62,2.47,2.65,3.5
197908,8.08,7.82,7.6,7.45,5.67,7.18
197909,0.62,-0.96,-0.42,-1.15,-0.1,-0.39
197910,-10.27,-9.34,-10.28,-7.97,-8.15,-8.63
197911,8.17,6.54,5.51,7.6,6.54,6.75
197912,8.54,5.66,7.12,3.33,2.35,4.12
198001,12.6,8.49,9.95,4.23,4.71,7.43
198002,-0.58,-1.17,-1.52,-3.8,-3.15,-2.36
198003,-18.82,-15.31,-16.22,-10.12,-10.08,-13.15
198004,5.69,5.59,3.93,6.42,7.38,4.46
198005,7.54,6.87,7.58,7.36,7.37,8.31
198006,3.95,4.81,4.49,3.49,3.9,3.58
198007,12.17,9.3,8.69,11.98,5.6,7.14
198008,10.19,6.25,6.44,4.4,1.27,2.98
198009,5.43,3.7,4.71,4.94,1.84,2.52
198010,6.94,2.86,3.79,1.23,0.65,1.12
198011,10,4.07,3.6,11.28,5.14,7.76
198012,-4.56,-2.52,-2.52,-1.93,0.09,-2.88
198101,-0.98,1.79,2.84,-4.32,-0.88,-1.39
198102,-0.59,1.72,1.4,2.11,2.1,2.22
198103,7.72,8.47,8.26,7.58,7.2,7.09
198104,3.8,4.31,4.5,0.57,-0.02,0.56
198105,3.98,2.89,2.88,2.35,1.88,1.04
198106,-2.95,2.28,1.78,-3.9,1.29,0.36
198107,-3.47,-1.79,-1.6,-0.15,-1.66,-1.31
198108,-9.96,-5.87,-5.25,-7.46,-5.36,-4.58
198109,-11.3,-6.77,-6.04,-7.31,-5.15,-4.21
198110,9.7,6.9,5.63,9.54,6.57,4.39
198111,-0.24,3.77,3.75,2.95,4.27,4.81
198112,-2.81,-1.54,-0.29,-2.51,-2.17,-2.49
198201,-2.66,-1.24,-0.43,-4.58,-2.37,-1.99
198202,-6.01,-2.25,-1.55,-6.54,-3.6,-1.5
198203,-1.87,-0.02,0.3,-2.71,-0.4,0.75
198204,6.16,5.43,5.34,5.12,5.13,4.81
198205,-2.04,-1.33,-1.18,-4.31,-3.97,-3.37
198206,-4.74,-2.16,-0.91,-4.95,-0.95,-1.47
198207,-2.21,-0.95,-0.69,-1.64,-2.52,-3.71
198208,5.37,6.19,5.36,12.25,11.23,13.09
198209,2.21,4,5.26,2.42,3.5,1.23
198210,14.37,12.77,12.26,15.78,12.59,10.92
198211,9.6,9.6,10.92,8.24,4.75,4.18
198212,2.75,2.01,2.64,0.09,1.44,1.75
198301,13.72,7.88,7.64,3.17,2.93,4.46
198302,4.49,5.42,7.4,3.72,3.49,3.47
198303,3.81,5.99,6.73,3.31,4.15,4.18
198304,8.03,8,8.21,5.3,6.73,6.42
198305,12.52,8.58,8.63,3.89,2.43,3.09
198306,5.98,4,3.7,4.54,2.41,2.21
198307,-4.1,-0.42,1.22,-4.94,-2.97,-1.11
198308,-5.53,-2.28,-1.12,-2.44,-0.66,2.41
198309,-0.34,2.04,1.18,2.6,3.28,2.58
198310,-8.28,-4.27,-3.35,-6.41,-1.45,-1.65
198311,3.94,4.2,2.96,6.41,3.85,1.45
198312,-3.05,-0.33,-0.72,-2.49,-0.55,-1.36
198401,-0.76,0.57,1.83,-6.37,-2.52,1.56
198402,-6.65,-5.56,-3.35,-6,-5.07,-3.43
198403,-0.65,1.15,2.42,0.92,2.51,0.83
198404,-2.44,-0.67,-0.39,-0.58,-0.05,-0.54
198405,-5.76,-3.35,-2.7,-6.18,-4.93,-2.81
198406,1.87,2.8,0.41,4.85,3.61,1.17
198407,-5.74,-2.75,-2.27,-3.92,-1.61,-1.68
198408,10.48,9.43,9.63,13.79,11.16,11.34
198409,-2.03,1.51,2.07,-3.16,0.05,2.98
198410,-2.87,-0.45,-0.34,-1.95,0.77,1.47
198411,-5.02,-1.55,-0.79,-3.17,-0.19,1.04
198412,0.15,1.11,2.18,2.96,2.88,2.89
198501,14.53,12.99,9.19,12.34,9.45,6.61
198502,5.35,4.33,4.48,0.86,1.89,2.34
198503,-3.57,-0.6,0.3,-2.8,0.16,2.51
198504,-2.46,0.37,0.21,-2.16,-0.34,0.69
198505,2.25,3.72,3.14,5.19,7.07,5.48
198506,-0.33,1.57,6.31,1.45,1.88,3.13
198507,2.64,2.04,1.71,-0.07,-0.15,-0.61
198508,-1.42,-0.53,-0.07,-1.43,-0.22,0.81
198509,-6.77,-4.4,-4.35,-4.65,-3.92,-4.64
198510,1.19,3.45,2.74,4.81,5.19,5.51
198511,5.73,5.81,6.13,8.16,7.25,5.51
198512,3.54,3.52,3.34,4.46,4.5,3.92
198601,3.67,2.56,3.64,1.46,1.39,2.14
198602,5.57,6.15,7.06,8.11,8.67,7.19
198603,3.43,5.14,6.86,5.76,6.14,4.81
198604,1.65,1.68,1.42,0.77,-0.7,-2.11
198605,3.47,3.66,2.88,6.17,5.66,4.45
198606,-0.74,-0.06,2.3,1.19,1.04,2.46
198607,-9.49,-7.49,-6.8,-8.26,-6.63,-2.11
198608,1.25,2.09,2.84,6.46,6.01,8.57
198609,-7.62,-5.64,-3.87,-8.56,-7.92,-6.63
198610,2.56,2.36,2.64,6.12,5.15,5.2
198611,-1.02,0,0.42,0.96,1.05,0.8
198612,-3.72,-2.49,-3.17,-3.21,-2.96,-2.77
198701,11.23,10.88,11.09,14.39,11.91,11.17
198702,8.06,7.13,6.58,7.88,6.29,1.52
198703,2.69,2.27,3.65,1.06,1.25,0.89
198704,-3.08,-2.11,-2.77,-3.02,-2.46,-3.08
198705,0.03,0.22,0.82,0.78,0.52,-0.45
198706,1.44,3.48,3.08,4.38,5.85,3.73
198707,2.59,3.33,3.44,5.14,4.37,3.08
198708,1.75,2.43,2.85,4.2,3.79,3.01
198709,-1.56,-1.11,-0.1,-3.01,-2.18,-1.26
198710,-30.82,-27.44,-27.15,-26.3,-24.59,-18.39
198711,-6.42,-4.74,-2.97,-6.94,-5.9,-5.35
198712,3.69,5.6,3.83,11.15,8.73,5.54
198801,7.11,6.41,6.68,2.22,6.17,7.26
198802,6.3,8.61,6.92,8.56,6.7,5.04
198803,5.1,4.85,4.76,-0.41,-0.31,-1.28
198804,2.25,1.65,1.85,-0.25,-0.3,1.08
198805,-2.31,-1.61,-1.46,-0.68,-0.19,1.91
198806,6.25,6.51,5.53,6.53,6.79,6.09
198807,-0.99,-0.06,1.18,-2.68,-1.36,-1.03
198808,-2.79,-1.52,-1.25,-3.06,-1.23,-1.73
198809,2.25,2.95,2.82,3.36,3.94,3.96
198810,-2.06,-0.74,0.53,-0.04,1.41,1.75
198811,-4.76,-2.92,-3.41,-2.11,-2.43,-1.99
198812,3.95,3.45,3.51,2.86,2.27,2.26
198901,5.17,4.77,6.06,6.29,5.81,6.55
198902,0.86,0.28,0.94,-1,-0.37,-0.63
198903,2.2,1.99,3.71,0.33,1.8,2.08
198904,3.68,3.34,3.64,5.65,4.76,4.37
198905,3.45,3.75,3.65,4.97,4.1,4
198906,-2.48,-0.53,-0.24,-1.62,-0.24,0.43
198907,3.11,3.25,3.5,8.05,7.01,6.65
198908,1.52,1.95,2.73,2.29,3.03,3.95
198909,0.22,0.54,0.04,0.15,-1.13,-1.01
198910,-4.19,-4.74,-5.54,-3.19,-3.78,-5.32
198911,-0.62,-0.36,-1.41,1.58,1.38,0.63
198912,-1.14,0.03,-1.18,1.79,1.52,1.57
199001,-5.65,-6.44,-5.56,-6.79,-7.26,-8.46
199002,1.65,2.3,2.62,1.39,1.66,2.4
199003,3.19,3.01,3.1,3.7,1.83,1.65
199004,-2.18,-2.31,-2.48,-2.96,-4.36,-5.09
199005,6.22,5.16,3.22,10.55,9.27,7.08
199006,1.13,1.37,-0.5,0.42,-1.23,-1.91
199007,-3.21,-2.98,-3.56,-2.45,-1.68,-1.85
199008,-12.79,-12.11,-11.95,-10.15,-10.33,-9.91
199009,-8.4,-7.8,-8.39,-8.04,-6.17,-6.07
199010,-6.43,-5.61,-5.71,-2.88,-2.52,-1.95
199011,5.25,4.81,3.52,9.85,9.44,7.7
199012,0.3,1.48,1.95,4.76,4.05,4.66
199101,8.86,9.51,9.76,6.88,6.18,7.31
199102,13.55,12.6,12.83,9.33,7.98,7.11
199103,9.01,7.53,7.44,3.52,3.42,2.33
199104,2.22,2.08,2.42,-0.95,1.58,1.49
199105,3.11,2.89,3.18,4.6,4.49,4.67
199106,-3.78,-3.54,-3.22,-5.04,-4.24,-3.89
199107,3.01,1.97,4.7,5.4,4.21,4.79
199108,3.76,2.62,2.35,2.6,3.1,3.34
199109,1.96,0.2,0.1,-1.49,-0.21,-1.54
199110,2.82,2.77,1.43,1.66,1.01,2.57
199111,-2.3,-2.08,-3.04,-2.85,-3.76,-5.92
199112,5.17,4.62,3.83,12.53,10.06,8.82
199201,12.04,10.95,15.32,0.91,0.43,4.42
199202,3.56,3.92,6.8,0.77,2.85,3.68
199203,-2.85,-1.61,-0.36,-3.22,-1.95,-1.6
199204,-5.37,-3.03,-3.57,-1.81,2.39,2.32
199205,-0.1,0.56,0.01,0.75,1.02,0.9
199206,-6.04,-4.32,-3.81,-2.44,-1.56,-2.5
199207,1.73,2.31,2.65,4.25,4.23,5.24
199208,-3,-1.33,-1.57,-1.48,-2.22,-1.37
199209,0.78,1.7,2.33,1.86,2.02,1.69
199210,2.87,2.37,2.7,3.89,2.02,1.18
199211,9.22,7.85,7.02,5.98,4.69,3.31
199212,3.2,3.33,4.68,1.66,2.66,3.57
199301,5.97,5,7.15,0.17,1.56,2.59
199302,-4.66,-1.34,0.07,-2.46,0.64,3.12
199303,1.74,2.8,3.21,3.02,3.61,2.99
199304,-3.55,-1.92,-1.26,-3.78,-2.89,-1.18
199305,5,3.71,3.86,5.04,2.38,2.24
199306,0.56,1.47,0.91,-0.82,0.49,1.79
199307,0.21,2.09,0.92,-0.97,0.51,1.08
199308,3.34,3.63,4.03,4.89,3.64,3.74
199309,3.52,2.92,2.23,1.47,0.2,0.65
199310,4.08,3.4,4.7,2.01,0.02,-0.02
199311,-1.7,-2.29,-1.46,-1.41,-2.23,-3.43
199312,0.87,2.91,1.71,4.04,3.41,2.41
199401,4.47,4.14,4.52,3.48,2.61,1.92
199402,0.04,0.43,0.47,-1.27,-1.24,-2.47
199403,-4.37,-4.1,-4.1,-5.13,-3.97,-3.83
199404,-1.6,-0.39,-0.21,-0.46,1.58,1.47
199405,-1.94,-0.13,0.48,0.35,0.87,-1.16
199406,-3.92,-1.75,-2.02,-4.05,-1.57,-2.06
199407,1.06,1.34,1.08,3.67,2.78,3.24
199408,4.99,3.38,3.52,7.11,4.18,2.78
199409,1.79,1.44,1.04,-0.88,-2.91,-2.52
199410,1.28,0.18,-0.32,1.97,0.89,1.06
199411,-4.2,-3.16,-3.35,-4.36,-4.74,-3.75
199412,-1.18,0.23,-0.86,1.5,1.64,0.82
199501,2.73,2.62,2.97,0.42,1.84,4.11
199502,2.89,3.29,3.02,4.99,5.24,4.56
199503,2.56,1.14,1.41,3.56,2.31,1.16
199504,2.6,2.43,2.83,0.5,1.92,2.74
199505,1.14,2.22,1.99,2.61,3.08,4.35
199506,6.5,3.96,3.94,5.03,2.45,2.06
199507,6.59,5.22,4.9,6.81,3.47,4.09
199508,3.28,3.15,3.05,0.71,1.46,2.37
199509,2.55,2.36,2.26,2.97,2.45,2.52
199510,-4.97,-3.45,-3.74,-1.96,-1.41,-2.08
199511,1.43,2.57,1.14,5.34,4.35,5.68
199512,0.2,1.7,1.17,-0.7,1.82,1.45
199601,0.99,1.02,2.45,1.18,1.94,2.43
199602,3.82,2.47,2.76,3.66,1.85,1.99
199603,3.03,2.59,3.77,1.21,2.05,1.62
199604,7.24,5.38,6.21,4.61,2.34,1.31
199605,7.64,4.82,6.95,1.97,1.53,0.91
199606,-3.92,-2.39,-1.59,-4.06,-0.25,-0.11
199607,-9.68,-5.93,-5.67,-7.91,-4.28,-5.99
199608,4.89,4.11,4.62,5.71,4.59,4
199609,3.23,3.06,2.6,6.46,4.39,2.82
199610,-3.09,0.3,0.56,-2.34,1.94,1.85
199611,2.07,3.96,3.34,5.3,6.97,6.58
199612,0.18,1.37,1.85,-1.35,-0.68,0.56
199701,6.34,5.8,4.45,2.6,4.06,2.48
199702,-3.05,0.21,1.17,-1.83,1.35,0.86
199703,-5.96,-2.56,-1.7,-6.64,-3.36,-2.72
199704,-3.09,-0.36,-2.1,1.76,3.32,2.21
199705,11.06,9.01,7.93,12.38,6.94,7.04
199706,3.78,6.31,5.33,3.55,3.96,3.07
199707,4.81,5.72,5.44,8.07,6.64,6.24
199708,3.51,3.72,4.38,-1.47,-0.99,-0.52
199709,8.39,9.05,8.63,5.4,5.63,5.54
199710,-2.61,-0.93,-1.68,-4.89,-3.25,-3.24
199711,-1.28,-0.41,-1.39,0.8,2.85,2.83
199712,-2.68,0.94,-1.18,1.19,3.35,3.17
199801,0.72,-0.43,0.47,-0.53,-1.42,-1.08
199802,6.53,5.82,6.11,9.54,7.92,6.26
199803,4.29,4.14,5.47,4.02,4.43,6.3
199804,2.43,2.38,3.27,1.18,0.44,-0.26
199805,-5.05,-3.07,-3.41,-4.98,-3.27,-2.79
199806,-2.31,-2.26,-2.42,1.77,-0.7,-0.81
199807,-6.43,-6.21,-6.4,-4.5,-5.3,-6.16
199808,-19.96,-17.44,-17.39,-19.54,-15.44,-14.12
199809,5.71,1.96,2.05,7.34,4.81,5.78
199810,3.28,3.25,3.25,8.63,8.42,4.95
199811,6.39,6.37,5.77,5.87,4.84,2.35
199812,2.66,2.84,1.02,7.78,4.15,1.38
199901,5.4,2.71,6.24,-0.54,-2.42,-2.88
199902,-6.39,-4.96,-5.33,-5.24,-3.02,-2.49
199903,-2.93,-4.54,-1.77,1.47,1.93,3.61
199904,6.9,8.97,10.02,6.9,9.1,12.8
199905,4.52,3.86,3.98,2.19,1.58,1.6
199906,4.75,4.42,3.87,4.82,3.67,0.54
199907,-0.18,0.98,1.53,-3.04,-1.83,-2.06
199908,-4.04,-3.11,-2.69,-2.46,-4.93,-4.01
199909,-1.69,-2.35,-3.47,-1.28,-2.96,-4.61
199910,-1.08,-1.5,-2.91,5.57,1.5,2.72
199911,9.74,5.69,5.47,4.86,-0.81,-0.31
199912,8.42,3.01,3.43,7.47,2.07,3.42
200001,4.82,2.02,3.35,-5.02,-5.44,-6.94
200002,12.37,5.44,7.94,4.93,-6.1,-5.98
200003,-1.3,1.11,1.46,9.65,13.51,14.88
200004,-9.55,-2.88,-3.63,-3.26,1.07,2.56
200005,-6.55,-3.19,-4.28,-0.54,1.08,-0.45
200006,7.6,5.6,4.07,3.19,-2.85,-4.47
200007,-2.6,1.55,0.79,-3.15,3.19,3.76
200008,7.28,4.48,4.63,9.92,7.02,6.79
200009,-3.67,-0.51,-1.36,-4.23,0.67,0.36
200010,-5.26,-2.21,-4.54,-3.19,2.78,0.76
200011,-11.75,-3.77,-5.22,-11.35,-0.67,-0.96
200012,-1.35,3.83,1.91,5.04,10.35,12.03
200101,26.08,12.72,18.49,11.06,2.18,1.51
200102,-6.49,-0.67,-0.22,-12.03,-0.78,1.95
200103,-5.16,-1.02,-2.51,-9.37,-2.35,-3.62
200104,6.94,4.12,3.98,14.99,6.35,6.87
200105,6.64,7.24,9.14,1.76,3.58,1.42
200106,3.79,4.17,2.51,0.55,-0.52,-2.39
200107,-2.67,0.36,1.47,-3.09,0.05,1.28
200108,-2.87,-0.34,-0.5,-6.73,-1.76,-3.46
200109,-11.92,-8.06,-12.55,-13.08,-10.06,-16.24
200110,8.34,4.16,4.97,8.82,3.43,5.07
200111,8.19,4.7,6.88,10.02,7.93,10.03
200112,6.85,5.47,6.78,4.36,4.81,6.49
200201,0.46,2.78,5.05,-1.58,0.56,0.09
200202,-4.53,-0.39,-0.29,-4.04,1.18,0.38
200203,8.75,7.8,10.2,7.52,6.27,8.66
200204,0.18,4.75,5.46,-4.01,-0.33,-3.74
200205,-3.54,-0.44,-0.2,-2.81,-0.9,-0.78
200206,-7,-1.82,-3.62,-10.27,-6.42,-7.52
200207,-13.52,-9.28,-11.62,-8.57,-8.75,-11.59
200208,0.53,0.65,0.24,-0.18,1.72,2.04
200209,-7.29,-4.21,-5.96,-9.25,-8.86,-9.62
200210,6.11,2.14,1.06,8.83,3.11,2.66
200211,11.02,6.35,7.33,8.59,5.98,7.64
200212,-4.57,-1,-1.12,-6.33,-2.5,-0.41
200301,-0.25,0.22,-0.53,-1.98,-2.74,-3.86
200302,-3.15,-1.78,-2.41,-2.03,-2.41,-2.9
200303,0.42,1.31,-0.23,0.62,1.19,1.94
200304,9.91,7.37,6.94,9.28,7.95,9.45
200305,12.66,6.83,9.63,8.96,7.97,9.61
200306,4.31,3.33,6.1,1.64,0.98,0.19
200307,7.77,6.29,6.62,4.14,2.83,0.81
200308,5.41,3.52,4.35,4.74,3.23,3.92
200309,0.26,1.16,1.56,-1.9,-1.66,0.25
200310,8.35,7.03,8.74,7.63,7.19,7.23
200311,4.59,4.08,4.32,2,2.97,3.84
200312,2.58,3.16,5,3.07,3.33,4.25
200401,5.02,3.4,5.72,2.14,1.94,0.66
200402,1.36,1.92,2,1.89,3.19,3.55
200403,0.54,0.93,2.13,-0.27,-0.11,0.8
200404,-3.37,-1.82,-1.57,-2.18,-2.22,-2.08
200405,0.72,0.09,-0.32,1.89,2.04,-0.35
200406,3.61,3.8,4.12,2,2.26,3.89
200407,-6.61,-3.86,-3.8,-6.75,-3.51,-1.12
200408,-1,-0.54,-1.08,-1.92,0.85,0.59
200409,5.07,3.99,4.59,3.74,2.48,3.53
200410,2.48,2.11,1.49,3.53,1.19,1.76
200411,8.35,7.77,9.93,5.68,5.67,7.1
200412,5.77,4.12,4.54,4.39,4.09,3.19
200501,-3.78,-2.27,-0.93,-3.42,-1.46,-0.64
200502,0.94,0.87,2.44,1.94,2.09,4.44
200503,-2.49,-1.75,-0.94,-1.83,-0.1,-0.54
200504,-5.5,-4.4,-5.91,-3.83,-2.94,-3.39
200505,5.64,4.59,4.7,6.1,4.06,5.34
200506,3.09,3.58,4.66,0.64,1.86,4.52
200507,6.66,5.93,7.11,5.59,4.59,5.45
200508,-1.48,-0.77,-0.49,-1.09,-1.29,-0.25
200509,0.52,-0.03,1.83,0.63,-0.17,3.07
200510,-2.9,-1.76,-3.24,-1.06,-1.8,-4.64
200511,4.61,3.49,3.34,5.38,4.37,3.6
200512,0.19,0.97,0.55,0.48,0.89,1.07
200601,6.96,7.19,8.53,4.93,3.17,5.28
200602,0.07,0.87,-0.32,0.58,0.47,-1.3
200603,4.07,4.33,5.23,2.76,1.86,1.27
200604,0.24,1.31,1.99,0.51,0.93,2.16
200605,-4.61,-3.8,-3,-4.11,-2.02,-3.02
200606,-0.31,-0.18,0.45,-0.83,-0.79,0.75
200607,-3.28,-1.78,-2.41,-3.87,-1.7,-0.76
200608,2.74,2.07,0.57,3.32,1.82,0.2
200609,1.05,1.46,1.53,2.44,2.55,0.4
200610,4.56,4.78,5.3,3.76,3.59,4.52
200611,2.44,2.32,2.74,2.69,2.96,4.05
200612,0.91,1.74,3.04,-0.05,1.43,-0.21
200701,1.69,1.12,2.26,3.08,2.43,3.51
200702,-0.07,-0.04,0.08,-0.24,0.36,0.08
200703,0.24,0.81,0.65,1.1,0.92,1.98
200704,1.05,1.15,2.74,4.33,3.69,4.9
200705,3.11,3.2,2.74,4.43,3.68,4.16
200706,0.04,-0.2,-0.17,-1.04,-1.64,-2.63
200707,-4.83,-5.15,-6.28,-2.33,-4.35,-5.27
200708,0.44,0.35,-3.49,1.36,0.57,-1.97
200709,1.62,-0.16,0.44,3.75,1.82,3.16
200710,1.23,0.27,0.6,3.35,0.86,1.46
200711,-7.7,-7,-8.72,-5.26,-4.47,-5.64
200712,-0.73,-1.28,-0.84,-1.81,-2.12,0.82
200801,-5.35,-3.82,-3.88,-6.97,-3.05,-4.71
200802,-4.49,-2.17,-0.55,-2.79,-4.2,-0.17
200803,-0.56,-0.46,-1.13,-1.16,-2.5,-2.86
200804,1.58,1.54,2.13,6.23,5.23,6.31
200805,2.81,2.35,5.09,3.9,1.67,5.28
200806,-10.58,-10,-7.36,-10.61,-11.28,-7.72
200807,1.26,3.69,2.95,-0.27,-0.9,-3.81
200808,3.89,4.21,3.77,1.48,2.21,1.53
200809,-8.82,-5.26,-10.73,-12.23,-11.44,-12.06
200810,-19.82,-17.18,-23,-20.13,-20.15,-22.43
200811,-13.45,-12.53,-17.24,-9.56,-9.65,-10.36
200812,2.65,3.16,5.88,2.88,5.5,5.9
200901,-6.1,-10.76,-7.2,-5.81,-7.48,-7.81
200902,-10.13,-12.49,-14.31,-8.6,-10.86,-16.19
200903,11.16,10.64,14.83,11.23,9.68,10.1
200904,20.25,19.32,26.15,17.79,18.98,24.38
200905,6.68,6.15,11.32,6.75,6.03,9.74
200906,4.53,1.34,1.56,0.26,-0.3,-2.09
200907,7.66,7.69,10.74,6.85,8.87,10.1
200908,0.84,3.1,5.41,1.75,3.87,2.96
200909,4.01,4.78,8.6,5.24,4.96,7.95
200910,-4.86,-5.31,-5.22,-3.64,-2.85,-2.47
200911,0.65,1.75,1.23,4.2,5.37,5.26
200912,6.76,6.06,7.07,4.78,5.07,6.39
201001,-1.47,-2.14,-0.74,-2.71,-3.97,-4.51
201002,3.12,3.68,5.02,3.33,4.21,5.9
201003,6.97,6.95,8.39,6.68,6.93,7.58
201004,6.12,6.54,8.71,2.76,2.82,3.52
201005,-6.77,-6.25,-8.53,-6.96,-6.06,-9.03
201006,-5.52,-6.48,-8.46,-4.82,-5.29,-7.72
201007,5.05,5.52,6,7.5,6.6,7.7
201008,-6.62,-6.71,-7.69,-5.28,-4.27,-3.75
201009,11.06,9.69,9.98,11.77,10.33,9.2
201010,4.65,4.8,4.65,3.88,3.59,3.73
201011,3.76,2.5,3.16,3.09,1.79,0.2
201012,8.36,6.5,8.15,7.78,6.03,5.77
201101,0.06,-0.41,1.1,2.16,1.77,2.73
201102,4.13,3.75,4.72,4.13,4.44,3.6
201103,1.7,1.17,1.1,1.93,1.9,2.25
201104,1.2,1.01,1.54,3.76,2.97,3.12
201105,-1.31,-2.6,-1.74,-1.29,-0.82,0.31
201106,-1.47,-1.82,-1.32,-2.05,-1.08,-1.41
201107,-3.14,-1.78,-0.65,-3.93,-3.03,-3.2
201108,-9.24,-7.13,-9.36,-7.47,-6.26,-6.96
201109,-9.98,-8.81,-11.09,-10.34,-9.51,-10.13
201110,13.12,12.35,11.06,15.32,13.62,14.02
201111,-1.47,-0.04,-0.9,-1.26,0.61,0.24
201112,0.53,1.29,0.53,-1.57,0.44,0.06
201201,8.11,7.59,8.97,8.7,6.02,3.88
201202,3.08,2.27,3.13,5.39,3.72,4.49
201203,3.53,2.77,2.61,2.26,1.81,-0.07
201204,-0.99,-1.04,-1.67,-1.96,-0.48,-0.45
201205,-6.75,-5.02,-7.29,-8.25,-7.57,-6.8
201206,4.94,4.16,4.21,1.71,2.78,3.3
201207,-1.5,-0.51,-1.77,-1,0.75,-0.23
201208,3.51,2.44,1.7,4.31,2.55,3.6
201209,3.55,3.62,3.44,2.57,2.07,2.34
201210,-2,-1.81,1.1,-2.26,-0.05,0.08
201211,-0.11,0.52,0.2,2.51,1.57,0.98
201212,3.6,3.64,2.47,2.47,1.96,3.32
201301,6.22,6.14,7.79,6.35,6.6,8.15
201302,1.37,1.25,0.94,0.56,1.79,1.57
201303,4.7,4.85,4.06,3.95,4.71,5.15
201304,-0.29,-0.74,-0.52,0.21,0.82,1.2
201305,4.77,4.83,4.86,2.9,2.89,3.84
201306,1.27,0.86,0.36,-1.09,-1.22,-1.25
201307,6.4,7.34,6.86,6.17,6.1,7.07
201308,-0.67,-2.84,-2.42,-2.07,-2.74,-2.9
201309,5.52,5.92,6.53,5.34,4.13,4.52
201310,2.63,3.7,3.93,2.79,3.93,5.43
201311,4.78,5.07,4.48,1.86,2.51,2.74
201312,1.62,2.25,2.07,3.42,3.12,2.6
201401,-1.73,-3.24,-2.29,-2.1,-3.89,-2.87
201402,2.62,3.76,4.67,5.46,4.99,5.69
201403,-0.2,1.56,1.39,-1.43,1.19,2.22
201404,-3.93,-2.92,-2.29,-2.14,-0.48,1.17
201405,-0.6,0.36,0.07,1.77,1.82,2.09
201406,4.63,4,3.44,3.75,2.94,3.78
201407,-4.9,-4.45,-4.56,-3.25,-3.21,-2.85
201408,4.21,4.55,3.38,4.74,4.48,4.6
201409,-4.13,-4.07,-5.06,-2.81,-2.98,-4.84
201410,4.95,5.98,3.65,3.32,3.11,1.02
201411,-0.17,-1,-0.4,2.6,2.72,-0.14
201412,3.28,3.17,1.45,0.4,0.21,0.47
201501,-4.7,-4.4,-2.74,-2.1,-3.29,-3.17
201502,5.35,4.85,6.02,8.03,7.09,5.64
201503,1.17,1.84,1.19,-0.11,0.06,-1.33
201504,-1,-0.49,1.03,-0.02,-0.5,2.24
201505,0.95,0.59,-1.09,1.59,0.89,-0.44
201506,1.32,2.03,-0.51,-0.27,-1.86,-3.26
201507,-1.79,-1.74,-6.11,1.2,1.02,-2.24
201508,-4.81,-3.21,-3.11,-6.16,-5.18,-4.23
201509,-3.63,-2.43,-6.7,-4.05,-3.79,-4.76
201510,5.65,4.01,7.71,6.2,6.64,7.48
201511,2.95,2.9,0.46,1.3,0.5,-0.83
201512,-3.31,-3.36,-5.84,-2.69,-3.27,-6.35
201601,-7.8,-5.89,-8.77,-7.31,-5.99,-5.44
201602,0.52,0.97,0.82,1.18,2.37,-0.26
201603,6.83,7.29,9.69,7.17,8.14,12.71
201604,2.59,3.03,5.87,1.23,1.57,5
201605,0.52,0.7,-1.74,2.61,1.67,0.34
201606,-0.03,0.12,1.16,-0.93,-1.29,-0.04
201607,5.51,4.86,7.42,4.07,3.96,4.79
201608,2.25,2.73,2.37,0.22,0.96,1.37
201609,1.87,1.71,1.32,0.07,-0.2,0.6
201610,-3.77,-1.92,-4.81,-3.06,-1.66,-0.54
201611,9.85,12.81,12.85,3.99,8.32,7.53
201612,3.74,5.82,4.32,0.94,1.52,1.9
201701,-0.04,-1.43,0.04,3.08,1.62,2.03
201702,1.33,0.79,-0.17,3.72,2.86,2.65
201703,0,0.9,0.25,1.07,-0.16,-0.85
201704,2.47,1.54,1.5,1.83,1.21,0.12
201705,-0.54,-2.77,-1.83,2.43,-0.02,-1.55
201706,3.06,3.49,3.69,0.77,2.04,2.06
201707,0.06,-0.14,0.34,1.92,0.79,1.57
201708,-1.82,-2.75,-2.58,-0.8,-0.46,-0.37
201709,7.32,7.66,6.57,3.43,4.05,2.3
201710,0.51,1.24,0.24,2.34,1.81,1.3
201711,1.67,2.96,4.47,3.23,4.5,4.3
201712,-0.44,-0.3,0.95,0.47,1.09,0.73
201801,2.22,1.72,1.03,5.02,4.68,2.49
201802,-2.86,-3.78,-4.17,-3.06,-3.98,-5.07
201803,2.63,2.4,2.55,0.12,-1.39,-0.69
