Month,SMALL LoINV,ME1 INV2,SMALL HiINV,BIG LoINV,ME2 INV2,BIG HiINV
196307,-0.5503,-1.2996,0.2813,-1.3811,-0.3659,-0.9445
196308,4.3089,2.9984,3.0685,6.1633,5.3411,6.3205
196309,-0.6329,-1.2181,-1.2994,-2.212,-1.6518,-2.3417
196310,1.4798,0.6911,1.4032,2.6844,1.3896,2.3089
196311,-2.0371,-1.5425,-2.9752,-0.8184,-0.9172,-0.4499
196312,-1.5518,-0.4103,-0.9347,1.5269,1.9678,0.3045
196401,6.2718,3.6605,3.4435,2.3044,1.4373,0.2764
196402,2.2113,2.4532,2.4654,2.6094,2.2765,1.8151
196403,5.3274,3.1369,1.6108,4.8974,1.8106,1.9283
196404,0.5459,-0.2165,-0.7332,-1.5806,0.8656,-0.2185
196405,1.8779,0.023,-0.9604,1.3999,1.4628,0.8417
196406,0.8556,1.9078,0.2982,0.6958,2.3245,1.9757
196407,3.2004,3.62,2.7121,2.7292,2.6768,1.6079
196408,-0.9023,-0.109,0.1096,-0.1725,-0.7421,-1.202
196409,3.8862,3.914,3.5943,3.3017,3.0153,4.2187
196410,2.8478,2.3174,1.983,1.2772,1.3268,1.2921
196411,-0.8244,-0.8516,-0.1698,0.7181,0.5544,0.7856
196412,-3.1379,-0.6821,-0.8713,-0.9305,-0.0057,0.2701
196501,9.0562,7.5773,7.4511,5.1924,4.868,6.0299
196502,4.0495,4.0758,4.0178,2.3649,2.6865,2.6679
196503,3.2567,2.0213,1.1504,0.4737,-1.1275,-0.4177
196504,3.5874,5.4998,5.3594,2.9072,2.9668,3.6025
196505,0.2005,-0.4336,0.4087,-0.609,-0.7982,0.2492
196506,-9.6939,-8.2432,-9.9592,-6.9026,-5.6132,-7.4307
196507,2.7946,3.065,2.9917,2.7958,2.2094,2.8511
196508,4.5431,4.0106,5.1693,2.9784,3.7838,5.2961
196509,3.9207,3.6658,2.7499,2.5409,2.7263,3.837
196510,7.8839,5.9985,7.5911,2.8825,3.0402,4.3257
196511,8.023,5.1066,6.5331,1.3634,1.6243,3.7531
196512,5.6598,4.8035,6.3509,1.5895,2.3984,2.3985
196601,9.2292,7.8154,6.7403,1.4841,1.4831,3.4675
196602,5.8938,3.2044,5.0348,-2.0868,-0.7735,0.961
196603,0.3836,-2.436,-1.0162,-0.2393,-2.4547,-1.6933
196604,6.0734,4.5287,6.102,1.5077,2.5915,3.9732
196605,-11.0368,-9.203,-10.5888,-4.8924,-5.6967,-5.7164
196606,-0.381,0.0434,-0.2983,-0.2105,-0.7725,-0.7551
196607,-1.7557,-1.3558,-1.8195,-0.6422,-1.1909,-1.9202
196608,-10.6957,-10.2484,-11.4267,-7.5012,-8.1341,-8.7617
196609,-1.4831,-2.1671,-2.2274,0.2435,-0.4431,-3.8783
196610,-3.8437,-1.7414,-4.4729,4.8828,3.9918,0.5401
196611,2.5995,3.3005,5.8104,1.0319,2.956,7.6708
196612,1.0036,1.2531,2.4984,1.2994,2.474,1.9838
196701,20.7252,19.301,21.355,9.6518,8.9129,12.8002
196702,7.4687,4.3282,6.2391,-0.3567,0.934,1.3347
196703,5.6863,6.4621,6.3042,3.6173,4.6658,6.6349
196704,4.6444,4.0023,5.0462,1.9859,4.1765,5.6461
196705,-0.1132,-0.5734,0.0384,-2.1427,-3.1713,-2.9473
196706,10.8942,9.7279,11.2369,2.0432,2.448,4.0134
196707,11.6393,8.3857,8.6629,6.2545,4.9556,5.5228
196708,1.9679,1.0177,-0.7446,0.2809,-0.1911,-1.38
196709,7.7605,7.0056,7.8869,1.8703,2.9474,3.4025
196710,-0.9109,-0.6635,-2.7477,-5.6112,-3.4568,-3.5071
196711,-1.5543,0.3654,0.5944,-0.6247,1.1893,1.3549
196712,10.7818,8.2881,10.3583,4.3597,3.6621,3.1448
196801,7.3334,4.0937,0.6449,0.3807,-2.8892,-7.0905
196802,-5.9648,-5.692,-7.7137,-1.9499,-3.8069,-5.5111
196803,-0.8479,-1.5927,-2.1573,-1.9659,0.2504,1.3523
196804,16.3998,13.998,18.3292,7.8149,9.3628,13.0903
196805,13.0734,10.3774,10.8286,2.4932,2.4887,5.3579
196806,2.0217,2.1274,0.0709,3.8158,2.1839,-0.4423
196807,-1.1608,-2.9096,-4.7592,-2.7778,-2.6977,-5.4113
196808,5.3172,3.1106,3.4764,2.9318,1.5447,1.6336
196809,8.0466,7.762,7.2148,5.7058,3.9481,7.0904
196810,0.5556,0.8507,-0.2348,2.2845,1.7087,-0.5494
196811,6.4665,7.3512,7.5944,6.9217,7.0683,7.9757
196812,3.1039,-0.0362,1.0016,-2.7122,-2.6839,-3.2067
196901,0.3952,-0.1533,-1.4447,-0.9054,0.3609,-2.6889
196902,-9.8732,-7.9137,-10.3902,-5.153,-5.8402,-7.618
196903,2.2828,2.1063,2.2874,2.0736,1.8979,2.0691
196904,0.3334,1.0508,-1.202,1.0198,1.5459,1.875
196905,1.9361,0.5063,-0.7428,-1.0481,1.0895,-1.5959
196906,-12.7939,-11.6808,-13.1904,-7.9552,-7.1911,-8.8794
196907,-9.5244,-10.2272,-11.9877,-6.4134,-6.1511,-8.2922
196908,3.856,4.1375,6.4169,3.633,5.1353,7.8915
196909,-2.7345,-2.4605,-2.7416,-2.5532,-1.9454,-0.8327
196910,9.7755,10.6106,11.9596,6.8953,6.7897,7.8209
196911,-5.9634,-5.7805,-7.3962,-3.6998,-4.0385,-3.7055
196912,-9.8777,-6.6827,-8.005,-2.5215,-2.1519,-2.3209
197001,0.1534,-2.3488,-4.7956,-5.8259,-6.7826,-10.5608
197002,4.4659,2.2891,2.8628,7.0005,7.2144,4.4114
197003,-1.079,-2.4653,-4.902,1.0684,-0.2601,-2.5902
197004,-16.1727,-15.832,-20.4114,-10.1332,-10.3346,-16.4903
197005,-8.4121,-9.2347,-10.4419,-6.6199,-7.5196,-10.6767
197006,-6.9245,-7.4635,-10.4693,-5.1131,-4.9425,-7.3676
197007,5.248,5.2107,5.0892,8.8189,7.9422,5.9591
197008,5.5289,7.5538,6.9212,5.1559,5.0504,6.8855
197009,14.3022,12.4999,18.7463,4.7649,4.5815,10.3567
197010,-6.0873,-6.6502,-9.2432,-2.2676,-2.4408,-4.3021
197011,-1.6943,-0.0935,-2.2722,5.1101,5.0332,4.8331
197012,8.1838,9.9644,8.3898,7.9384,8.4269,7.2979
197101,18.8114,15.1871,16.0232,6.8999,5.6961,6.8541
197102,5.7847,4.4186,6.4243,0.557,2.1265,2.6136
197103,5.3904,6.1794,6.6535,3.0811,4.4487,6.4035
197104,2.9088,3.4885,1.4063,3.6298,2.5908,4.2522
197105,-5.1808,-5.4929,-6.6873,-3.1331,-3.5975,-3.3314
197106,-3.3918,-1.55,-2.4481,-0.803,0.3926,-0.0068
197107,-5.9368,-5.0817,-7.8082,-5.1235,-3.6283,-5.4828
197108,4.5335,4.4401,3.6047,7.238,4.0647,5.758
197109,-1.5252,-0.5763,0.8978,-0.3802,-0.894,-0.4064
197110,-6.3742,-5.7346,-6.5516,-5.8092,-4.0107,-5.2285
197111,-4.1621,-4.2261,-4.2211,-0.9387,-1.1956,-1.2214
197112,11.7454,12.3414,14.4078,11.2435,9.9009,11.4551
197201,15.6048,11.2271,12.5883,4.6053,2.2289,3.5079
197202,5.476,3.7106,4.3233,2.9269,2.9031,3.9265
197203,-0.4981,0.1801,-0.3245,0.4564,0.4387,0.8648
197204,0.8374,0.6766,-0.752,0.037,0.384,0.2597
197205,-2.6677,-2.8834,-3.4788,-0.9244,-0.0523,1.1956
197206,-3.3985,-3.2268,-4.1465,-3.4545,-2.8781,-2.8475
197207,-3.021,-2.6971,-4.6332,-2.0076,-1.5691,-2.4403
197208,0.6552,1.1332,-0.8877,5.539,4.0497,2.1437
197209,-3.9138,-3.1955,-3.8093,-3.6643,-1.6903,-1.5071
197210,-2.2682,-1.4743,-3.4741,0.3943,0.7203,-0.1142
197211,4.7127,4.7559,4.2032,7.2834,7.1226,5.6437
197212,-2.9402,-1.9974,-2.8183,-2.1695,-0.5179,0.294
197301,-1.2281,-3.3109,-6.1763,-6.0957,-4.823,-6.6122
197302,-7.7082,-7.3341,-9.5293,-6.1987,-4.9129,-6.5361
197303,-2.082,-2.8748,-3.7118,-2.0304,-1.4958,-3.2122
197304,-6.6197,-5.8342,-10.1027,-5.5031,-5.1517,-8.1971
197305,-10.0692,-8.4925,-10.5196,-7.0348,-2.8894,-5.8763
197306,-2.408,-3.0432,-5.2123,-3.7815,-2.7805,-2.9254
197307,11.2557,11.2198,16.8229,8.6058,6.7595,10.3557
197308,-4.7799,-4.6453,-5.7326,-1.2711,-2.2696,-3.0952
197309,7.5266,7.9269,9.8991,10.6011,9.5847,9.0516
197310,2.0614,0.412,-1.1677,1.827,-0.8931,-1.0015
197311,-18.3635,-17.6689,-21.3689,-15.106,-14.1413,-17.1925
197312,-5.4148,-4.9554,-4.2553,2.7373,1.2854,0.612
197401,21.3121,14.9609,14.2728,5.7999,4.1667,3.3956
197402,1.6403,1.7271,-0.0331,2.9362,0.1011,-0.98
197403,2.0099,1.6125,1.033,-1.9333,-1.8576,-2.5584
197404,-3.8708,-4.8553,-5.984,-3.6902,-6.3999,-7.0813
197405,-6.3633,-6.6444,-8.0241,-6.1633,-5.4587,-7.5846
197406,-1.208,-2.132,-3.4714,-1.6651,-3.3013,-4.965
197407,-3.647,-3.7835,-6.1626,-2.5807,-5.2557,-7.0817
197408,-6.242,-7.1538,-8.8111,-7.0263,-9.323,-11.3162
197409,-7.2678,-6.5404,-10.3461,-6.6016,-7.1032,-12.175
197410,8.6513,8.4555,9.0956,15.1659,15.3833,19.1346
197411,-4.4811,-5.4026,-7.1096,-2.1621,-2.8528,-3.9652
197412,-8.6503,-7.5021,-9.7071,-2.6508,-2.9331,-5.4081
197501,35.0259,30.5139,34.278,21.2074,19.924,20.6201
197502,5.3,4.926,5.6349,3.8441,4.436,6.6404
197503,9.6224,8.6445,12.0752,5.0218,4.5382,6.4587
197504,2.8334,3.9396,4.4166,4.0371,3.7358,6.0957
197505,7.7811,7.5052,9.8173,6.437,6.5548,5.3744
197506,8.8948,9.0845,8.0446,6.2755,6.9503,6.171
197507,0.4833,0.1187,-0.719,-5.9685,-5.4029,-6.1035
197508,-6.4076,-4.9009,-5.8245,-3.4615,-2.6224,-3.4979
197509,-3.3202,-3.4093,-3.4142,-5.3047,-3.398,-4.1746
197510,1.5939,1.6226,1.5047,7.5927,5.9301,3.9619
197511,2.2133,2.4991,1.82,3.8425,3.9829,2.8198
197512,0.3589,-0.7478,-1.3412,-0.1775,-0.1892,-0.7662
197601,23.7421,21.5063,21.2037,16.809,14.1502,14.1961
197602,17.0713,12.5922,11.8171,4.7395,2.4184,1.4417
197603,2.639,1.5536,1.5012,2.4184,1.506,1.4661
197604,-1.0387,-0.8099,-1.4938,-2.5829,-0.766,-0.9834
197605,-3.4024,-2.4655,-2.0924,-1.9628,-1.8353,-0.0452
197606,2.5908,2.6148,2.6053,7.5761,5.113,4.5955
197607,0.2137,0.5818,0.0378,-0.4845,0.0307,-0.7194
197608,-2.9413,-1.0764,-2.3315,-2.7163,-0.101,-0.7237
197609,1.0449,1.9891,1.6396,1.9197,1.9544,3.2298
197610,-3.0197,-2.0173,-2.2466,-2.7431,-2.1555,-2.164
197611,1.7783,2.7576,2.9658,3.6798,3.126,2.0416
197612,11.8948,10.5151,10.5244,7.8737,7.7522,6.0739
197701,6.6484,3.9781,4.4879,-2.3919,-2.8526,-3.4519
197702,0.953,0.7112,-0.3757,-2.3796,-1.7836,-2.5559
197703,1.3592,1.036,0.9769,-0.1556,-0.1392,-0.0935
197704,2.394,1.593,1.6223,1.1537,1.8782,0.8485
197705,0.8622,0.464,0.308,-1.4341,-0.7382,-0.3786
197706,6.1124,5.4599,5.4818,4.1261,4.5955,6.3102
197707,1.7994,0.9665,2.0311,-1.7321,-1.4149,-1.6146
197708,-0.9002,0.0183,-0.4385,-1.1804,-1.7674,-1.2878
197709,1.4115,1.4269,1.648,-0.8999,-0.2753,1.0057
197710,-2.3726,-1.5452,-2.5143,-3.5746,-3.4733,-3.8515
197711,7.5436,7.9657,7.4447,6.9529,5.715,5.6092
197712,2.1138,1.9452,3.3443,0.9892,0.5948,-0.068
197801,0.6554,-0.855,-1.4344,-4.3407,-4.8451,-6.262
197802,3.682,2.7302,3.0505,-0.1936,-0.8525,-0.7623
197803,8.3417,6.7399,7.481,6.7767,3.9658,4.8042
197804,8.5363,7.9651,8.4963,7.8636,7.4541,8.2952
197805,9.6578,6.3155,8.2527,4.1599,2.9534,3.306
197806,1.5611,1.2287,0.6576,-0.9734,-0.8404,-0.5239
197807,4.4823,5.8303,5.582,6.0295,5.04,6.7076
197808,11.7693,9.6471,10.6802,4.5642,4.8235,5.4699
197809,2.1354,-0.008,-0.0145,-0.7426,-0.9757,-1.9372
197810,-20.2981,-18.9347,-22.2349,-14.8564,-11.7952,-13.4839
197811,3.5847,5.0177,6.5169,3.9804,2.7187,4.0871
197812,0.4751,1.1979,2.6005,0.3113,0.8773,1.752
197901,12.3738,9.4038,9.9312,8.0119,6.1536,5.468
197902,-1.7188,-1.8489,-2.2093,-2.6227,-3.1979,-4.0666
197903,8.6279,7.5539,9.6656,9.1582,6.4612,7.7985
197904,3.8944,2.5158,2.7112,0.3785,1.0577,0.681
197905,-0.3283,-0.8171,0.4123,-1.5424,-0.9825,-1.2499
197906,5.0595,5.1326,5.8079,5.148,5.6593,5.6024
197907,1.9476,2.9599,1.9657,3.4172,2.3287,2.9851
197908,7.5399,7.9576,8.6293,6.0848,6.1186,7.994
197909,0.1939,-0.2592,-0.5923,-0.9042,-0.5734,-0.3038
197910,-9.9137,-9.4175,-10.446,-8.1309,-8.285,-8.2912
197911,5.2443,6.4614,8.3185,6.9126,6.551,7.7147
197912,7.2008,7.7872,7.456,3.8618,2.1569,4.3006
198001,11.5922,10.503,11.1877,6.4223,4.5939,5.5083
198002,-0.1557,-1.2248,-0.7734,-2.8582,-3.0839,-3.7036
198003,-17.2274,-16.2837,-18.4355,-12.5981,-9.9869,-11.2593
198004,4.9279,4.1396,5.3811,6.9304,6.5462,5.7805
198005,6.5199,7.3841,7.8565,7.6432,7.129,8.0987
198006,3.969,4.239,4.3972,2.4933,4.0115,3.9322
198007,9.3706,9.0498,11.4671,7.0143,6.7614,10.8293
198008,7.738,7.5934,8.6779,2.7511,2.2608,3.7963
198009,4.9511,3.596,6.0409,2.4426,2.7888,3.6414
198010,3.4993,4.6657,5.2753,0.8539,0.408,1.828
198011,4.3078,5.2418,8.534,5.6763,6.9452,10.4466
198012,-3.2203,-2.3557,-4.9304,-1.6343,-0.4734,-2.4906
198101,2.2991,2.4282,-0.7066,-0.6748,-1.2215,-4.3513
198102,1.5887,1.1855,-0.5956,2.3343,2.6801,0.9262
198103,7.6431,7.5445,8.8102,9.4228,6.3828,7.6355
198104,3.689,3.7444,4.2327,-0.2066,0.0301,0.9257
198105,3.1437,3.5052,4.2579,1.0578,1.9828,2.1773
198106,0.9706,0.6205,-2.2184,0.2074,0.2053,-2.8171
198107,-2.0528,-2.1095,-3.0858,-2.6047,-1.6188,0.3151
198108,-7.7039,-5.9204,-9.2953,-5.0017,-4.9712,-7.3697
198109,-7.8687,-7.6329,-10.5555,-5.7275,-4.1003,-7.4538
198110,6.2117,7.2424,8.4619,5.5984,5.6727,8.8756
198111,1.2392,3.0398,1.0968,3.8155,4.6785,3.3593
198112,-1.5692,-1.0921,-3.0509,-0.99,-2.1279,-3.6404
198201,-0.5858,-1.1701,-2.5361,-2.0838,-2.1074,-4.5647
198202,-2.3995,-2.2947,-5.8086,-2.6764,-2.3034,-7.0525
198203,0.006,-0.5385,-2.1657,-0.3006,0.0136,-2.3385
198204,5.1437,5.443,6.4222,5.9364,4.087,5.8606
198205,-1.4962,-1.1761,-2.2686,-3.7024,-3.7597,-4.3756
198206,-2.4793,-1.9313,-4.4142,-0.6467,-1.3234,-4.3496
198207,-0.0422,-0.6322,-2.6945,-1.9064,-1.9196,-3.41
198208,5.1544,5.824,5.5847,13.2846,11.3239,12.6347
198209,3.6966,4.801,1.6453,1.8939,3.0697,2.0057
198210,12.4467,12.7911,14.0506,14.7516,11.9144,14.4767
198211,11.7564,9.2933,9.554,5.7981,4.9884,6.7499
198212,2.9394,2.079,3.2107,1.8692,1.4019,0.4787
198301,13.1891,9.0018,13.3591,3.8444,2.4494,4.206
198302,8.4419,6.8213,4.1093,3.4497,4.4072,2.9775
198303,7.3887,6.2512,4.2325,5.2417,4.0334,2.996
198304,8.7881,7.9916,7.7751,7.3729,5.9943,6.0314
198305,10.7056,8.2373,11.8237,2.2786,2.1061,4.4749
198306,6.7488,4.4672,4.4903,2.4927,1.9635,4.9396
198307,-0.9377,-0.8459,-2.554,-2.6962,-2.287,-4.103
198308,-4.2289,-2.6498,-4.5267,0.9985,-0.0369,-1.1084
198309,-0.8154,1.1857,-0.4883,3.4901,2.9429,2.3628
198310,-5.3707,-5.1076,-7.2997,-2.0611,-1.6591,-5.1389
198311,3.3992,4.6561,2.0787,5.3831,3.8488,3.8849
198312,-1.729,-1.212,-3.1304,-0.5574,-1.413,-1.8806
198401,2.1499,0.9405,0.3239,-2.4827,-1.2031,-4.2316
198402,-5.5446,-4.9512,-6.3876,-6.0027,-4.3973,-5.5481
198403,1.6016,0.6378,0.2466,2.8137,2.1176,0.5091
198404,-2.1982,-1.0482,-3.3823,-1.1441,-0.0785,-0.5819
198405,-4.8116,-3.6895,-5.1826,-6.6517,-4.9961,-4.4052
198406,1.7734,2.4595,0.9011,2.5008,3.1929,3.447
198407,-6.3485,-2.6301,-5.9429,-4.3647,-1.7094,-2.463
198408,7.7029,8.5926,10.1523,12.8012,11.1233,12.454
198409,-0.0676,1.0224,-1.2548,0.4852,0.9255,-1.0768
198410,-4.362,-1.2849,-2.6149,-1.4853,0.8851,0.0347
198411,-4.8263,-1.812,-4.5599,0.0803,0.2022,-2.4813
198412,-0.3341,1.2258,0.7275,1.6572,2.6917,3.5413
198501,11.8906,10.7763,15.3179,8.8835,8.103,11.7059
198502,6.5243,3.8479,4.6328,1.8198,1.5505,1.5135
198503,-0.4866,-0.7754,-2.7206,1.3151,0.6172,-1.7615
198504,-1.6832,0.1879,-2.5065,-0.93,-0.262,-1.2153
198505,0.9706,2.8257,2.1389,4.1412,6.4447,6.3133
198506,-0.5677,4.2267,-0.1782,0.5415,2.3286,2.4518
198507,2.4284,1.5487,2.318,1.7684,-0.6696,-0.3416
198508,-0.3988,-0.1627,-1.5781,0.4997,-0.0623,-1.3688
198509,-5.9831,-4.2063,-6.9757,-3.0425,-3.8037,-6.2216
198510,0.4577,2.1836,1.6666,3.72,5.468,5.2835
198511,4.2008,5.5246,5.7943,6.2424,6.533,8.0761
198512,0.4578,3.5446,3.6517,3.9685,4.4143,4.1946
198601,5.548,2.9277,4.3455,0.904,2.1848,1.8265
198602,4.5917,6.4023,5.9889,5.8173,8.6883,8.1619
198603,5.7875,5.1126,4.3405,5.7862,5.7169,5.5787
198604,1.5432,1.8999,1.7932,-1.0588,-1.7024,0.1647
198605,2.7396,3.6816,3.3611,5.2872,5.4893,5.0977
198606,1.0236,1.4297,-0.4528,0.1914,2.5985,-0.2285
198607,-7.742,-6.1676,-9.5346,-7.7926,-4.6583,-6.9249
198608,1.2103,2.2395,0.6605,10.2902,7.0071,5.4754
198609,-5.0071,-4.7349,-7.356,-3.6931,-8.282,-8.5842
198610,1.7608,3.0059,2.2551,5.5043,5.2386,5.3963
198611,-0.6502,-0.2477,-1.1576,1.56,1.0878,0.3242
198612,-3.1802,-2.8522,-4.1829,-3.2205,-2.8792,-2.8443
198701,12.9549,10.2244,11.6818,13.4111,11.8373,13.0025
198702,9.399,6.9634,7.82,4.9428,4.2935,7.5487
198703,5.7962,2.2625,3.0504,3.8536,0.9325,-0.1255
198704,-0.2329,-2.4587,-2.8552,0.2214,-2.8305,-3.4512
198705,2.2562,0.2024,-0.3352,1.3493,0.0062,0.6276
198706,2.1839,3.0556,2.154,4.88,5.0782,4.2204
198707,5.7633,3.0111,2.1566,6.5613,4.0323,4.1223
198708,-0.351,2.8327,1.8158,2.097,3.6156,4.224
198709,-0.294,-0.9467,-2.1758,-0.6191,-1.8313,-2.9792
198710,-28.2609,-26.807,-32.0268,-25.0386,-21.3981,-25.904
198711,-5.6173,-2.8694,-7.7435,-5.6561,-5.7023,-6.5221
198712,0.927,4.4337,3.3331,7.7695,7.4269,10.5468
198801,9.2526,6.9097,8.1993,4.5219,5.9026,4.9281
198802,6.6663,7.2594,6.8038,8.2585,5.646,7.8912
198803,5.1715,4.9529,4.1093,0.4435,-0.7958,-0.6835
198804,2.8814,1.2335,1.2706,0.9574,0.4405,-0.4568
198805,-0.9356,-2.0647,-2.9185,0.6041,0.6778,-0.6556
198806,3.8594,6.2739,5.6752,4.5362,6.0965,7.6532
198807,0.6584,0.0299,-0.5199,-1.3696,-1.2839,-2.5292
198808,-1.7374,-1.7175,-3.3702,-1.3018,-1.763,-3.3372
198809,0.9994,3.4348,1.7654,2.4455,3.9829,4.0478
198810,-1.9058,-1.5338,-2.3128,1.1918,1.3965,0.0711
198811,-4.4707,-3.4934,-5.5559,-2.0695,-2.2363,-2.4408
198812,2.8697,3.2524,2.4065,1.9022,2.2756,3.0374
198901,8.555,5.2534,6.4599,7.3717,5.3574,7.0167
198902,0.6392,1.2853,0.2073,-0.0645,-0.7081,-0.6563
198903,2.7418,2.3426,1.7593,1.5298,1.6241,1.0341
198904,3.1859,3.1881,3.3504,4.9803,4.7457,5.4587
198905,3.1454,3.0455,2.518,4.7974,4.4642,4.1148
198906,-0.9251,-0.7902,-2.311,0.2572,0.0076,-1.8106
198907,1.4816,2.8381,2.687,7.632,6.951,7.0004
198908,1.0705,1.9532,1.4916,3.1369,2.6259,3.8099
198909,0.9338,0.0079,0.5205,-1.3888,-0.6103,-0.7356
198910,-5.6625,-4.8523,-5.4077,-4.0104,-4.104,-4.3411
198911,-2.2271,-1.3512,-0.8411,2.3508,1.4167,0.4369
198912,-2.0158,0.0135,-1.8735,3.2298,1.383,0.8714
199001,-1.615,-6.1756,-6.9698,-7.0864,-7.8148,-8.0069
199002,2.5679,1.6189,1.9243,1.8201,1.7258,2.2206
199003,3.5984,2.7379,2.7963,1.7304,1.7018,3.207
199004,-2.2811,-1.8174,-1.9027,-5.1668,-4.2866,-3.4825
199005,3.9818,3.905,5.4712,8.1674,8.3539,10.5631
199006,1.6958,0.9672,0.5207,-1.5127,-0.7109,-1.3147
199007,-2.2137,-2.595,-3.9199,-1.4199,-1.7225,-3.4834
199008,-10.7483,-11.382,-13.8664,-9.2076,-9.8222,-11.8257
199009,-7.1104,-7.6215,-9.5679,-6.0086,-5.7845,-9.2407
199010,-6.9611,-4.8595,-7.0984,-3.6736,-1.6768,-3.8463
199011,1.3951,3.2879,5.2398,7.3713,9.0261,11.8366
199012,-2.1347,1.1383,-0.4197,3.883,3.6959,5.7654
199101,11.1323,9.102,10.2922,4.6583,5.9569,9.1048
199102,17.0885,12.5123,14.1871,8.9126,7.9904,9.3032
199103,11.2284,6.7847,9.4714,2.4632,3.4726,4.1995
199104,5.4632,2.4584,2.908,0.8766,0.5346,0.9384
199105,3.1274,2.8409,2.9449,3.3211,4.5094,5.0716
199106,-3.1981,-2.0544,-4.5177,-4.1604,-4.1773,-5.4747
199107,3.1721,3.5218,2.9474,4.9886,4.1948,5.6796
199108,4.3291,2.353,3.0569,2.8485,2.537,3.503
199109,1.8918,-0.4929,1.718,-1.6697,-0.5262,-1.1144
199110,3.6516,1.8304,2.4708,2.2212,1.5291,2.0257
199111,-1.2566,-2.9799,-2.8393,-4.6449,-4.2623,-3.2131
199112,0.5655,4.655,3.8522,10.2449,9.4511,12.5413
199201,26.7245,14.2112,14.5732,4.9259,0.9572,1.282
199202,8.6092,5.381,4.7135,4.8059,2.1842,1.2116
199203,0.4651,0.3754,-3.0272,-1.5459,-1.7999,-3.3802
199204,-4.6799,-3.383,-5.7199,1.0788,1.8092,-1.0739
199205,0.5056,0.4929,-0.0645,0.2716,1.1644,0.9126
199206,-4.0597,-4.1557,-6.3054,-1.5054,-1.2011,-3.292
199207,1.5741,2.4718,1.3331,2.8356,4.1982,5.1053
199208,-3.6743,-2.0976,-2.9151,-4.2836,-1.7549,-2.1553
199209,0.874,1.4474,1.3801,2.6907,1.4703,2.1875
199210,1.4654,2.4651,2.3691,2.234,1.227,3.9173
199211,7.7075,7.1072,9.0867,4.8117,3.9854,6.3017
199212,4.967,3.4865,3.0574,3.3311,2.6579,2.2437
199301,9.6573,6.2221,6.352,5.6352,1.4821,0.8558
199302,0.3616,0.2126,-4.6155,1.7662,2.0828,-2.9989
199303,3.266,2.4839,1.6186,3.3858,3.124,3.3446
199304,-1.271,-1.7066,-2.3482,-1.4219,-1.8183,-3.7511
199305,5.9651,3.9357,4.4993,2.773,2.1976,4.8713
199306,3.1973,1.0606,0.5394,1.5716,1.1574,-0.8167
199307,2.2394,1.2034,0.0631,0.9337,0.4089,-0.6386
199308,4.0655,3.5538,3.9296,4.9148,3.9426,4.4351
199309,3.6276,2.0899,3.5371,0.2206,-0.0309,1.3232
199310,5.4798,4.0982,4.6402,2.2297,0.3392,0.9902
199311,-1.7233,-1.6879,-3.4778,-1.5954,-2.3565,-2.0127
199312,0.8835,1.573,0.3502,2.2251,3.3894,3.9418
199401,7.6328,4.2142,4.6425,4.7979,2.4443,2.7962
199402,0.3543,-0.0473,-1.0495,-2.2334,-1.8886,-1.0559
199403,-3.5641,-4.1315,-5.6428,-5.1512,-3.8285,-4.8166
199404,-1.7647,-0.0679,-3.02,1.3673,0.7766,0.2724
199405,-0.3172,0.286,-0.9901,0.1706,0.213,0.1808
199406,-3.2821,-2.2757,-4.3733,-2.2357,-1.7936,-3.6668
199407,1.5625,1.4217,0.1696,3.7414,3.3481,3.2627
199408,3.7566,3.5783,4.2549,5.2477,3.7895,6.3661
199409,1.8901,1.4132,0.9407,-1.3837,-2.5031,-1.7679
199410,0.4144,0.2516,-0.8081,0.519,0.7276,2.0295
199411,-4.1158,-3.44,-4.4529,-4.692,-3.9792,-4.7015
199412,-0.8626,-0.6801,-3.156,1.3117,1.4914,1.4734
199501,5.1293,2.1474,3.1525,1.4348,2.2933,1.6327
199502,2.1947,3.5545,2.8557,5.8005,4.5652,5.2156
199503,2.0611,1.419,1.6483,3.7352,1.5323,2.7374
199504,3.1496,3.104,1.7806,2.4061,1.6576,1.1825
199505,1.7178,2.1099,1.3657,2.9311,3.2409,2.9737
199506,6.8074,4.4029,6.6412,1.7565,2.1147,5.5952
199507,6.6151,4.9564,6.3109,2.888,3.7972,7.6015
199508,6.2965,3.2099,3.0801,1.9279,1.5411,0.8522
199509,4.0624,2.2578,2.297,3.2251,2.42,2.5485
199510,-5.5704,-3.0631,-6.0784,-2.0431,-1.4439,-2.5242
199511,-0.6436,1.4029,1.3496,5.5775,5.4098,4.2629
199512,1.8735,2.0514,-0.4204,2.0255,1.7038,-1.0774
199601,6.2517,1.7061,1.9505,2.3988,2.1706,0.6186
199602,5.4312,2.6449,3.862,1.2167,1.9249,4.3309
199603,3.4321,2.7558,3.4739,1.538,2.1479,1.1422
199604,6.6291,5.5335,7.2465,2.4963,1.4848,5.2766
199605,10.6705,5.6504,8.0828,1.0389,1.6592,1.9912
199606,-3.326,-2.4398,-4.3257,-0.0882,-0.3247,-4.4194
199607,-9.5206,-5.7795,-11.1072,-5.7073,-4.7219,-8.121
199608,4.0141,3.8643,5.0257,3.7843,4.2756,6.2001
199609,1.8821,3.1251,2.5913,2.9707,4.3036,6.439
199610,-3.2907,-0.3178,-4.1547,1.7507,1.4436,-1.9601
199611,1.4208,3.2009,1.4899,5.8133,5.9603,6.2978
199612,-2.1745,1.1839,-0.8241,0.9302,-0.283,-1.9046
199701,9.5471,5.3435,7.475,2.7342,2.9565,3.3533
199702,-0.2456,-0.1797,-3.5012,0.0917,1.7329,-2.1687
199703,-4.6016,-2.8208,-7.0211,-3.0412,-2.9705,-6.993
199704,-4.1122,-1.4763,-3.6214,2.2632,2.9147,1.9735
199705,7.4468,8.1125,10.9749,6.8986,6.7121,12.6882
199706,4.3952,5.6167,3.4857,3.6475,4.2865,3.1833
199707,4.4038,5.5702,4.3387,6.6165,6.6648,8.5831
199708,4.7555,3.946,4.2675,-0.1273,-1.3787,-0.7755
199709,10.1923,8.0903,9.6092,4.9606,5.6706,6.2602
199710,0.0163,-0.6519,-3.3929,-3.5006,-3.0275,-5.3093
199711,-3.3699,-0.3161,-4.4668,2.8623,3.1556,-0.0605
199712,-6.0824,-0.2091,-5.661,2.8018,3.2043,0.946
199801,2.9811,0.7466,2.0223,-0.82,-1.1687,-0.4923
199802,6.0397,5.5267,6.4345,6.6077,8.2156,9.3482
199803,5.4933,4.2353,5.0017,5.442,4.4832,4.7714
199804,3.8204,2.9282,2.5619,0.4107,0.0611,1.5762
199805,-3.5986,-3.2746,-5.8669,-2.3549,-2.8187,-6.2733
199806,-3.4004,-2.164,-4.0396,-0.5693,0.4674,0.8026
199807,-4.7727,-5.756,-7.2197,-4.5712,-4.8619,-6.1389
199808,-20.9425,-17.2406,-23.6308,-14.1658,-16.0565,-21.668
199809,2.8551,2.9788,4.0712,6.5852,5.1978,8.4351
199810,1.2951,2.5623,4.3646,7.1225,7.6054,8.487
199811,11.8211,6.1942,8.6351,5.224,5.1463,5.5403
199812,1.1171,2.2548,2.285,3.5216,5.5417,7.3322
199901,12.9346,4.0843,9.7384,-1.0501,-1.8233,1.6443
199902,-4.0357,-4.2516,-7.0464,-1.8989,-2.8623,-6.2139
199903,-2.4184,-2.7237,-1.8146,2.3553,1.4418,4.7231
199904,9.6318,7.1815,9.5375,9.0705,9.7829,8.3723
199905,6.0754,4.3865,3.0761,0.6251,1.7178,2.3995
199906,4.5424,4.364,3.5668,3.6325,3.7654,4.0501
199907,3.6695,0.9749,0.17,-1.6973,-1.3071,-4.3085
199908,-3.2041,-2.4111,-5.66,-3.3974,-3.0173,-3.12
199909,-1.6744,-1.9014,-1.8633,-3.4688,-2.884,-0.3672
199910,-0.1893,-1.1222,-2.751,2.2268,3.5227,5.9437
199911,15.4425,6.5247,11.5246,0.0442,2.0411,6.5394
199912,14.0201,4.5633,9.8073,3.514,4.2578,9.6131
200001,15.4653,3.6118,6.3546,-4.8013,-4.6544,-4.3134
200002,24.8244,12.6314,13.2426,-4.068,-1.8683,7.111
200003,-1.8822,-0.0443,-2.1236,11.9425,11.7686,8.4505
200004,-12.9017,-5.4629,-12.0526,0.5323,0.1014,-5.2278
200005,-8.1939,-4.3224,-8.5081,1.3575,0.6564,-3.4499
200006,11.345,7.3494,8.064,-0.3539,-1.531,5.0681
200007,-2.3786,0.264,-4.382,0.1358,0.2388,-5.1656
200008,7.1889,4.6303,4.7776,9.9279,7.5009,10.2807
200009,-3.8493,-1.9674,-6.9848,-2.7444,-0.2203,-7.3411
200010,-7.7916,-4.1601,-10.2367,0.5837,0.1011,-8.9116
200011,-14.3167,-7.1975,-16.4626,-6.5886,-4.082,-20.2038
200012,-5.6288,0.7683,-5.0033,7.6452,8.9897,2.9847
200101,32.3359,18.9679,36.0206,7.6014,5.4193,17.6728
200102,-6.3465,-3.1603,-10.1946,-6.2027,-4.0526,-18.7252
200103,-6.6054,-2.5573,-9.9478,-5.2539,-4.9757,-14.6047
200104,5.9058,5.2551,8.469,9.8041,7.9007,16.0049
200105,8.9085,7.541,7.6278,3.3998,1.9795,3.2906
200106,0.7893,3.388,2.1249,-1.2404,-1.072,0.0236
200107,-2.9294,1.0363,-6.3329,-0.1846,0.9913,-6.5617
200108,-3.0384,-1.1732,-6.1211,-2.4313,-2.4406,-8.7506
200109,-13.6764,-8.7739,-16.4123,-12.8003,-8.556,-17.4068
200110,7.5157,3.8609,12.3324,4.5091,2.0421,12.7955
200111,6.4197,5.7908,10.6874,10.0627,7.619,11.5091
200112,5.6759,5.4912,8.7389,5.8822,4.9575,4.0255
200201,5.3734,4.3762,-0.0622,1.1361,0.0402,-4.2816
200202,-2.6252,-1.0183,-7.8087,0.379,1.6161,-7.6026
200203,8.6831,8.5014,8.0957,6.9845,5.0376,9.5056
200204,1.2896,4.4182,-2.4352,-1.5456,0.1328,-7.6555
200205,-0.842,-0.1437,-5.3205,-1.2555,-0.3922,-5.0367
200206,-6.925,-2.9437,-8.9718,-6.7629,-6.3694,-12.4303
200207,-13.2326,-10.5052,-14.1682,-10.5215,-8.6376,-9.772
200208,-0.3509,0.4578,0.4265,1.6206,1.4361,0.1432
200209,-10.8685,-6.3003,-8.1113,-12.3794,-8.863,-9.7001
200210,5.863,2.466,5.0774,6.6253,5.2959,5.9475
200211,18.501,8.2567,13.3516,13.9406,6.6884,8.2692
200212,-7.2587,-2.9321,-5.0794,-6.4228,-3.2951,-4.9778
200301,2.113,0.2378,-0.293,-2.4255,-3.0439,-2.1035
200302,-2.5563,-2.8179,-3.0239,-2.6963,-2.3283,-2.143
200303,2.0121,1.0501,0.5746,0.7235,0.6247,1.5459
200304,12.021,8.6328,9.9186,11.8294,8.0235,9.3154
200305,20.5508,10.1674,14.8048,10.2748,8.1354,9.7811
200306,7.635,4.7212,5.5519,0.1244,0.9839,2.2025
200307,10.5532,6.4733,7.0365,4.0769,2.7653,3.1378
200308,6.4218,4.6567,4.6334,5.1219,4.1893,4.0547
200309,6.1696,1.6321,0.631,-0.8114,-1.7894,-1.2444
200310,10.2817,7.598,8.1252,7.8647,7.1248,8.1221
200311,4.8078,4.07,3.2588,2.5377,2.8442,2.5958
200312,3.4213,3.8213,3.139,5.2188,4.0278,1.9435
200401,13.2616,5.6419,4.2585,4.3989,1.4071,2.4341
200402,-0.5056,1.9499,0.9777,0.9632,2.4106,3.4153
200403,-0.2116,0.6824,0.7866,-0.0874,-0.8273,0.1811
200404,-4.6449,-2.3799,-2.446,-4.0969,-2.1634,-2.1559
200405,-0.8275,0.1301,-0.5035,2.7905,1.3728,1.9686
200406,2.0426,3.5067,2.8853,2.5506,2.6713,1.7524
200407,-8.0772,-4.7329,-7.4919,-6.043,-3.76,-5.0318
200408,-2.1588,-0.8492,-1.4824,-1.9756,0.2356,-0.5682
200409,3.4647,4.1051,5.4411,2.4925,2.8523,4.0458
200410,1.2528,2.2752,2.0095,3.2337,2.13,2.1826
200411,10.8068,7.5872,9.1508,6.7535,5.87,6.1277
200412,8.3063,4.7293,5.7222,3.6661,3.9347,4.8198
200501,-4.3461,-2.469,-4.061,-4.5707,-1.6329,-2.4502
200502,0.7503,0.6713,0.7949,2.9145,2.4916,1.7362
200503,-3.8404,-2.5746,-3.659,-1.7064,-0.7635,-1.3322
200504,-7.6791,-4.8155,-5.8114,-4.0213,-2.8484,-3.7817
200505,4.8916,4.4753,5.3792,5.7621,4.3162,5.8726
200506,2.9742,3.3155,4.7885,1.5946,1.8127,2.2675
200507,6.2508,6.6381,7.7438,4.1258,4.9802,6.0118
200508,-0.4503,-1.2561,-1.7365,-0.9814,-0.3135,-1.5912
200509,0.9657,0.349,0.4939,1.1032,0.1911,1.4795
200510,-4.3433,-2.4911,-3.2972,-3.0279,-2.1462,-2.0589
200511,2.8201,2.8655,4.2525,3.4145,4.3095,5.4079
200512,0.6186,1.0216,0.6499,1.6091,0.532,0.7535
200601,9.3857,7.2323,9.3972,3.445,4.4009,4.6807
200602,1.6111,0.6588,-0.0242,0.5033,0.7082,-0.9494
200603,5.4197,4.7664,4.2599,2.206,1.7847,2.4409
200604,1.0913,0.945,-0.151,0.9089,1.236,0.7647
200605,-5.38,-3.8367,-6.287,-2.016,-2.6075,-4.512
200606,-0.8824,-0.2453,-1.4408,-0.1466,-0.6298,-0.2023
200607,-4.3493,-2.2151,-4.4062,-2.4725,-2.2125,-2.845
200608,2.6949,2.0603,1.6207,3.8266,1.9224,1.1685
200609,0.4769,1.2048,0.554,2.3457,2.0614,1.6966
200610,5.768,4.4872,5.5162,4.354,3.7017,3.8777
200611,2.4658,2.2148,2.7704,2.431,3.1237,4.2772
200612,2.1191,1.5359,1.1118,1.459,0.8705,-0.8886
200701,3.6394,1.5353,1.9347,2.7206,3.0337,3.0642
200702,0.9431,-0.1792,-0.0747,0.1233,0.037,-0.0783
200703,0.3927,0.5026,-0.3546,1.0512,0.966,1.3643
200704,2.2666,1.5647,2.1665,4.4768,3.7095,4.0861
200705,1.0186,2.8122,2.2179,3.3884,4.1675,4.5125
200706,-0.4805,-0.0452,-0.8506,-1.4104,-1.7253,-1.6641
200707,-5.5888,-5.4792,-5.2813,-5.3891,-4.3512,-2.2877
200708,-2.6731,-0.2825,-1.0919,-0.2504,-0.0467,0.3114
200709,-0.1032,0.1104,2.9486,1.9994,2.4321,4.3802
200710,0.8387,0.088,1.4577,1.3094,1.8495,2.2151
200711,-10.8414,-7.7689,-9.0784,-5.59,-4.0689,-6.2012
200712,-2.465,-1.3289,-1.2885,-2.616,-1.3126,-0.4037
200801,-4.222,-3.7512,-6.8872,-3.993,-4.5035,-5.8928
200802,-2.5778,-2.6979,-3.1982,-3.6907,-2.741,-1.8889
200803,-2.927,-0.5782,-3.9316,-2.063,-1.4986,-3.0549
200804,0.7237,1.3084,2.3308,5.283,5.4153,7.1349
200805,3.5189,3.3059,3.5205,3.4709,2.9555,3.8395
200806,-8.9312,-10.1869,-9.1846,-11.4687,-10.291,-9.5419
200807,0.3886,3.6552,0.6495,-0.6267,-0.0835,-3.2794
200808,1.7752,3.7568,2.3121,2.3108,2.3068,0.6085
200809,-12.14,-7.0941,-12.7422,-10.9243,-10.7764,-14.4769
200810,-21.7675,-19.5929,-22.4056,-20.323,-19.8879,-23.0728
200811,-16.0723,-13.9853,-15.2784,-10.3839,-8.3558,-11.6076
200812,0.5926,3.0988,4.1566,2.9354,5.2713,3.9451
200901,-1.0499,-7.6477,-2.3481,-6.596,-7.8639,-5.0737
200902,-12.2832,-12.0999,-11.6079,-11.3668,-11.3022,-10.6375
200903,13.9556,11.6874,13.3333,9.2584,10.7873,11.3154
200904,27.0957,19.2099,20.5907,19.9564,18.3814,21.146
200905,11.1995,7.1168,12.19,6.579,5.6145,8.8337
200906,4.624,3.4647,5.6005,0.0453,-0.0875,-0.8422
200907,11.9284,7.6308,6.848,10.0627,8.6578,7.7062
200908,13.9496,3.7622,3.711,7.2074,3.2996,2.5939
200909,10.8491,5.4493,5.723,5.4114,5.1161,6.8018
200910,-8.8786,-5.4338,-7.1656,-5.2357,-3.5118,-3.569
200911,2.1571,0.1182,0.7599,4.4195,5.3993,4.7995
200912,8.064,6.2766,6.2245,5.9953,4.6429,5.8858
201001,1.0183,-0.0641,-0.7688,-3.5088,-2.125,-4.175
201002,4.5592,3.3607,3.2343,4.0359,4.3443,4.3157
201003,10.5715,7.1576,6.7489,8.3272,7.0368,6.48
201004,10.6336,8.9264,7.3579,4.0884,3.484,2.7436
201005,-9.8326,-7.1422,-8.0622,-7.3293,-6.9039,-7.5377
201006,-9.7268,-7.6945,-7.4895,-8.3692,-4.6331,-6.1328
201007,5.9477,6.1257,3.7579,7.7671,7.1922,6.733
201008,-7.9251,-6.7292,-7.601,-6.2389,-5.3294,-3.8701
201009,12.8515,9.6464,10.0349,11.4967,10.6835,10.9897
201010,4.7636,3.5811,4.809,3.9082,3.5423,3.4497
201011,2.1494,2.6571,2.0724,2.8405,1.9207,2.0598
201012,10.9094,8.196,7.4825,9.5923,7.0307,6.1015
201101,2.9014,1.9145,0.5762,2.5691,2.3071,1.9927
201102,5.3665,4.4413,2.7167,4.0566,4.3806,4.0799
201103,1.2695,1.6522,0.1505,1.0479,1.9985,1.7937
201104,0.595,0.9179,1.3731,3.9125,3.1924,2.8194
201105,-3.1515,-1.7903,-2.3609,-1.6174,-0.6246,-0.4797
201106,-3.7996,-1.5386,-2.7243,-2.5663,-1.4508,-2.1114
201107,-1.9931,-2.2954,-2.3991,-4.3096,-3.7627,-2.6995
201108,-10.6099,-8.3425,-10.7884,-8.3393,-5.9404,-7.8122
201109,-11.3706,-9.4899,-11.9145,-9.3989,-9.0786,-11.2811
201110,9.6895,12.8259,12.656,13.5585,13.8891,15.5587
201111,-2.4284,-0.563,-3.2528,-0.474,0.3893,-0.5035
201112,0.7118,0.9511,-1.2211,0.7619,0.4347,-1.9697
201201,11.314,7.6673,9.824,6.5836,5.3992,8.3372
201202,5.4763,2.6386,2.8875,4.6066,3.9847,5.2879
201203,5.5079,3.0172,2.1049,3.1232,1.4258,1.1881
201204,-1.1026,-1.1996,-2.1686,-0.8144,-0.138,-1.9616
201205,-6.4446,-5.4753,-8.257,-6.1714,-7.1177,-9.3916
201206,3.9852,4.3265,4.1318,3.5939,2.9536,1.6906
201207,-1.1255,-0.5163,-2.3491,-0.5908,-0.0427,-0.2287
201208,2.2588,2.5989,2.6105,4.2021,2.794,3.8895
201209,5.0498,4.0499,3.7523,2.9306,2.2641,2.2333
201210,-2.4391,-1.4668,-2.8112,-0.6066,-0.1754,-2.1133
201211,0.5149,-0.3581,-0.5971,2.2924,1.4913,2.33
201212,2.5162,2.9553,2.3135,2.1342,2.0449,3.1125
201301,8.5976,6.6922,6.9903,7.3749,6.4233,7.1734
201302,1.5779,0.942,0.507,2.218,1.3582,0.5389
201303,4.2799,3.6284,5.008,5.6447,4.6787,3.9609
201304,0.3999,-0.0368,-1.4663,1.2129,1.231,-0.0044
201305,5.7737,4.6639,5.2414,3.8935,2.5212,4.1196
201306,-0.1495,1.3303,-0.2044,-1.7267,-0.8263,-1.5114
201307,9.4105,7.2315,6.412,6.4219,6.377,6.9434
201308,-1.816,-3.0047,-1.1657,-2.4547,-3.2285,-1.4676
201309,5.7945,5.4816,7.0572,4.7769,4.4937,5.5479
201310,2.0332,3.3129,1.11,3.9012,4.2351,2.8257
201311,5.1917,5.0852,3.831,4.0261,2.4817,1.8619
201312,3.3388,1.4483,3.2907,3.1456,2.8625,3.3771
201401,2.5518,-2.0214,1.511,-3.5342,-2.8565,-1.9203
201402,4.9956,3.4713,4.2867,5.8246,4.9475,5.7866
201403,0.1698,0.6584,-0.7954,0.8331,0.9894,-1.1887
201404,-5.189,-3.0171,-5.7322,0.0636,-0.1213,-2.3679
201405,-1.1776,0.4805,-0.4448,1.3216,1.6457,2.334
201406,4.6139,3.3553,6.1908,3.1371,3.0037,4.9307
201407,-4.1128,-4.541,-7.2947,-2.9551,-3.4286,-3.677
201408,3.3385,3.4961,4.5535,4.285,4.4952,5.9471
201409,-5.0887,-5.046,-5.437,-3.411,-3.5072,-3.8415
201410,1.1778,5.2552,3.0698,2.7209,2.7059,2.4145
201411,-0.899,-0.1244,-1.1039,2.3041,2.1922,0.7186
201412,1.2019,3.6385,3.3259,0.7017,0.183,-0.5399
201501,-3.356,-3.9631,-3.2193,-3.2661,-2.7017,-2.4406
201502,6.1315,5.0773,7.598,6.7053,6.2767,9.0151
201503,-0.6333,0.8605,0.5503,-0.7598,-0.3681,-0.1712
201504,0.6148,-0.2216,-0.5026,0.5535,0.1039,0.6404
201505,-0.2575,0.4016,2.0822,0.3116,1.2268,1.4695
201506,-1.0603,0.2332,1.8085,-3.2617,-1.5534,-1.1579
201507,-6.9456,-3.078,-2.8805,-0.8764,1.2043,0.3495
201508,-3.4034,-3.5058,-5.3145,-5.0158,-5.3242,-6.569
201509,-8.3115,-2.9815,-7.1624,-5.197,-3.1423,-5.9937
201510,4.3166,5.6017,4.2553,8.3365,6.2961,5.1564
201511,2.0955,2.6199,3.2447,0.2765,0.2406,1.1857
201512,-7.2047,-3.039,-5.3111,-4.3319,-2.8496,-3.9155
201601,-9.7227,-7.5713,-12.588,-6.9676,-5.68,-10.642
201602,0.8724,0.5504,-1.1818,2.891,2.0445,-1.1083
201603,9.1084,6.5607,8.6475,9.7088,7.6599,9.1586
201604,4.5959,3.7217,4.2055,1.9912,1.6665,3.643
201605,-0.3901,0.8394,-0.0769,0.1467,2.1144,2.2886
201606,0.9697,0.0981,-0.9771,-0.5406,-0.6542,-2.3239
201607,6.3523,5.9957,6.0078,4.477,3.5498,5.6907
201608,3.3539,2.3309,2.8031,0.5135,0.9158,0.6528
201609,2.0163,1.8243,4.31,1.106,-0.0377,0.2904
201610,-8.1751,-3.8235,-6.9325,-3.6339,-1.632,-2.9609
201611,9.2584,11.0099,9.4276,8.6087,6.6853,5.8772
201612,1.1036,4.5285,1.5645,0.3543,1.9449,0.4275
201701,3.6379,-0.4899,1.171,2.0076,1.6895,3.6604
201702,-0.5309,0.7697,3.4208,2.4579,3.2891,3.0665
201703,-0.0438,0.7263,1.3282,-0.1727,0.0634,0.3148
201704,-1.2608,1.4271,-0.0936,-0.005,0.8357,1.6489
201705,-3.5761,-2.4113,-3.082,-1.1911,0.4786,0.8887
201706,5.3521,3.3281,4.7229,1.0935,1.2995,2.4009
201707,-1.5813,-0.4844,-0.306,2.519,1.0236,1.4326
201708,-3.0056,-1.6645,-1.5635,-1.3541,-0.8368,0.285
201709,10.5837,7.0602,8.1702,5.3435,3.2553,2.8647
201710,-2.0743,0.4368,-0.1064,0.7126,1.8083,2.4347
201711,3.7579,3.5224,2.7974,4.1305,4.0104,3.4106
201712,2.7663,-0.1096,0.7039,1.5032,0.7707,1.0642
201801,3.8955,1.5622,2.159,4.232,3.8801,5.3816
201802,-4.3875,-3.4588,-3.8894,-5.6756,-3.9051,-3.1013
201803,1.1015,1.6599,2.0152,-0.6671,-0.5855,-0.3047
