Month,SMALL LoOP,ME1 OP2,SMALL HiOP,BIG LoOP,ME2 OP2,BIG HiOP
196307,-0.8742,0.3311,-0.5306,-2.0675,-0.704,-0.1349
196308,3.2994,3.3577,3.7815,5.6528,5.3926,6.3338
196309,-0.2123,-0.8449,-1.2599,-1.6649,-1.7168,-2.4532
196310,1.0742,1.5123,1.3399,2.1685,1.2543,2.6179
196311,-2.4804,-1.0766,-2.8367,-0.5981,-1.1153,-0.3399
196312,-1.8941,0.0968,-1.0049,1.9425,1.6878,0.7095
196401,5.1328,4.1854,4.1662,1.5004,1.2614,1.0814
196402,3.3696,0.815,2.0733,2.6058,2.1017,2.1049
196403,3.426,3.4073,2.1326,4.7315,2.0003,1.8132
196404,0.0959,-0.3419,-0.4817,1.2127,0.1501,-0.9626
196405,0.9862,0.2099,-0.385,1.3271,1.4399,1.0777
196406,0.5533,1.0693,1.5092,2.1222,2.0221,1.4823
196407,4.1538,2.8992,2.9657,2.0354,2.8011,2.225
196408,0.1368,-0.5656,-1.0561,-0.5127,-0.1261,-1.6421
196409,3.6852,3.3088,4.9131,4.4101,2.9579,3.2619
196410,2.027,2.8077,2.3206,1.8542,1.0319,1.4098
196411,-1.0218,0.2958,-0.1061,0.0793,0.7292,0.9144
196412,-1.7929,-1.2299,-0.8458,-1.1819,-0.1998,0.4333
196501,8.5956,6.753,8.769,6.5623,4.3553,5.5201
196502,3.2143,3.718,4.4653,2.0699,2.2915,3.1323
196503,2.568,1.5135,0.8123,0.1064,-0.2057,-1.3078
196504,3.9409,4.7546,5.2255,3.8572,2.7163,3.1492
196505,0.1652,0.0067,0.6177,-0.732,-1.097,0.4882
196506,-9.6424,-9.1946,-9.3671,-7.7714,-5.9101,-6.186
196507,2.9749,3.8325,2.3471,3.9951,2.2108,2.2362
196508,4.2065,4.158,4.9796,3.5394,3.4507,4.8474
196509,4.032,4.364,2.5862,3.9066,2.423,3.31
196510,7.521,6.6939,6.5701,3.5449,2.554,4.3692
196511,8.3153,4.0822,5.3245,1.2472,1.2454,3.7895
196512,6.1199,4.7275,6.3011,3.5775,2.0477,1.4172
196601,9.469,6.6624,6.3507,4.1625,1.0808,2.1592
196602,6.4513,3.4035,4.4903,-0.1412,-1.3298,-0.1022
196603,-0.1585,-2.198,-1.532,-3.353,-1.86,-0.5383
196604,5.4358,5.3992,6.4297,2.6594,2.254,3.0611
196605,-10.8988,-9.5283,-9.6949,-6.8256,-5.1285,-5.2248
196606,-0.6264,0.7712,-0.7182,-0.0967,-0.7388,-1.0742
196607,-1.6439,-1.076,-2.0622,-1.2142,-1.3287,-1.2545
196608,-11.1949,-10.3898,-10.6005,-8.5653,-7.6042,-8.4994
196609,-2.185,-2.0718,-1.8184,-1.6619,-0.5067,-2.1748
196610,-2.8611,-2.0648,-4.4794,3.5567,4.9776,0.9504
196611,2.7998,3.7818,5.9884,3.1759,1.5566,6.8481
196612,1.5219,1.8158,1.8181,1.5145,2.2411,1.8926
196701,20.4331,19.4122,21.2336,12.7432,9.2706,10.0451
196702,7.2411,4.3359,5.3974,0.3737,0.2273,1.6002
196703,5.682,7.2739,5.5083,5.059,4.3645,5.8876
196704,4.674,4.0332,4.9792,4.1266,3.492,4.5767
196705,0.6297,-1.0968,-0.0912,-1.8308,-2.7475,-3.3343
196706,11.4049,9.2859,10.9384,4.1558,2.4466,2.4482
196707,9.6647,9.0709,8.7138,6.3462,4.8961,5.6043
196708,0.5475,0.0282,1.4249,0.25,-0.7955,-0.8634
196709,8.4501,7.1026,7.8392,3.4219,2.6165,3.1699
196710,-0.4887,-0.5335,-2.5622,-3.413,-5.0502,-3.0889
196711,-0.7305,-0.2217,0.2773,-0.4334,1.6329,0.6923
196712,10.8328,8.9524,10.0477,4.7652,3.5725,3.2908
196801,6.2594,2.4643,1.8871,-1.5299,-3.1255,-5.2889
196802,-7.3245,-5.6391,-6.33,-4.2504,-3.2788,-4.1899
196803,-0.7086,-2.0285,-1.5938,0.6707,-1.2919,0.8598
196804,16.5146,14.6641,17.6347,9.9254,8.1875,13.081
196805,12.664,9.9516,10.7175,4.2005,2.4696,3.97
196806,1.4026,1.9581,0.4668,1.7979,2.7349,0.6335
196807,-1.4006,-3.7559,-4.6057,-3.1303,-2.384,-5.4202
196808,5.0228,3.3101,3.8034,3.5386,1.3099,1.2653
196809,9.166,5.8231,7.2777,6.6015,5.1178,4.9896
196810,0.5279,0.9077,-0.1431,1.4774,1.24,0.8107
196811,6.8233,7.0601,7.6517,6.913,7.1745,7.4791
196812,3.6239,-0.3422,0.8829,-2.1362,-2.8807,-3.3752
196901,-0.441,-0.084,-0.9561,-0.2981,-0.576,-1.5524
196902,-10.8031,-8.0941,-9.2216,-6.7711,-5.8283,-6.5879
196903,2.6005,2.0123,2.0138,2.7434,1.6783,1.6962
196904,0.3496,0.3888,-0.8618,1.4934,1.176,1.7348
196905,1.5796,0.4235,-0.6534,0.0354,0.2617,-0.7318
196906,-13.5139,-11.809,-12.1078,-10.1296,-7.2254,-7.0354
196907,-11.0992,-9.9259,-10.8095,-7.2562,-6.3185,-7.0307
196908,4.1029,4.3216,6.7899,5.4794,4.3197,6.7498
196909,-3.6031,-2.2792,-2.0107,-2.9046,-1.9087,-0.6278
196910,11.8416,10.1398,10.6791,7.1539,6.8481,7.3206
196911,-6.9744,-6.047,-6.3439,-4.4273,-4.0705,-2.9501
196912,-9.9888,-7.526,-6.3143,-2.5909,-2.1025,-2.3758
197001,-0.1062,-3.258,-5.3248,-6.4827,-6.7167,-8.8338
197002,3.4365,3.2867,2.445,8.0161,6.7429,4.7404
197003,-3.1854,-2.1388,-4.0456,0.1281,-0.0479,-1.584
197004,-18.7294,-15.5651,-18.479,-11.9494,-10.6462,-13.2767
197005,-9.6245,-9.1975,-9.3658,-7.996,-7.479,-8.991
197006,-9.1522,-7.7599,-8.6706,-6.5225,-5.096,-5.7604
197007,3.5215,5.3344,7.3508,8.9286,7.4121,6.8835
197008,6.5241,6.678,7.0564,4.9928,5.6599,5.9597
197009,17.8594,13.6917,15.3543,6.7327,4.5884,8.1465
197010,-9.3369,-6.2797,-6.5867,-4.2759,-2.2875,-2.8198
197011,-4.0948,-0.4139,0.4503,4.813,5.4625,4.5687
197012,7.6238,10.0594,9.154,8.1219,7.9576,7.8659
197101,19.0496,15.8469,14.35,7.0346,6.1725,5.887
197102,6.7138,4.5676,7.079,1.5085,1.3015,2.8952
197103,5.5584,6.0633,7.1672,4.7025,3.7794,5.7996
197104,3.0264,2.5871,1.718,4.2635,2.5884,3.65
197105,-6.2192,-5.496,-5.7292,-4.0968,-3.4796,-2.6738
197106,-3.6081,-1.9386,-1.4497,-1.1464,0.5872,0.1121
197107,-7.043,-5.157,-7.0721,-5.3415,-4.1419,-4.5831
197108,3.8449,4.2408,4.5989,6.9078,3.6747,5.839
197109,-1.8795,-0.0239,1.5591,-2.5029,-0.6897,0.3353
197110,-7.3135,-4.9114,-6.2863,-5.5406,-4.3019,-4.7009
197111,-5.1267,-3.6284,-3.4692,-2.8382,-1.2787,0.0448
197112,12.5729,12.9374,13.5078,12.0644,9.7396,10.9901
197201,17.4069,11.0704,9.7426,4.3021,1.8616,3.498
197202,5.3384,4.1541,4.4628,2.3864,2.4007,4.8422
197203,-0.4563,-0.257,0.0631,-0.5826,0.8736,1.0922
197204,0.2371,0.3704,-0.1806,1.6726,-0.5072,0.4065
197205,-3.8339,-2.1105,-2.5181,-1.1765,-0.279,1.6945
197206,-3.7396,-3.3774,-4.0663,-4.9762,-2.8475,-2.0891
197207,-2.9356,-2.9843,-4.9701,-2.6813,-1.6113,-1.9048
197208,0.0717,0.5567,0.1427,4.9338,3.3259,2.5505
197209,-4.3034,-3.3419,-3.6924,-3.2568,-1.6443,-1.841
197210,-3.3515,-1.3863,-2.3012,-0.151,0.7741,0.3638
197211,3.8607,5.0729,5.3257,7.9532,7.0911,5.2968
197212,-3.2642,-1.8038,-3.0927,-2.0692,-1.0736,0.9066
197301,-1.3743,-3.9202,-5.5367,-5.5478,-5.9661,-5.5151
197302,-7.4281,-8.0486,-9.5888,-4.842,-5.7239,-6.4521
197303,-1.8799,-3.2656,-3.9831,-1.0947,-2.5319,-2.2401
197304,-6.6995,-6.5808,-9.47,-5.9411,-5.1503,-8.1284
197305,-10.4027,-9.15,-9.5057,-5.3776,-4.2972,-5.061
197306,-2.4908,-3.4367,-5.5174,-2.1493,-3.1199,-3.5642
197307,12.9446,12.1445,15.858,9.4338,7.1239,10.2399
197308,-4.0844,-5.3527,-6.0562,-2.0126,-2.1465,-3.0391
197309,7.5395,8.528,9.2966,9.6833,9.6682,9.1039
197310,1.6167,0.6124,-1.5604,1.2256,-0.0463,-2.1766
197311,-18.1763,-18.7443,-21.7512,-12.6321,-15.2073,-17.369
197312,-5.9352,-4.3611,-4.139,3.2115,1.4532,-0.3261
197401,21.1754,13.8546,14.3556,5.3323,4.4554,2.6509
197402,1.1049,1.0181,0.6011,0.5212,1.0375,-0.9007
197403,1.592,1.3081,2.0782,-4.0431,-2.0153,-0.849
197404,-5.0224,-4.9849,-4.7956,-7.5685,-5.9498,-5.8426
197405,-7.1764,-7.1818,-6.6857,-8.5033,-6.1338,-5.2721
197406,-2.3035,-2.2425,-2.6492,-3.4701,-3.94,-2.9609
197407,-4.1012,-3.8984,-6.1816,-3.1107,-4.6218,-7.3532
197408,-7.4403,-7.9816,-7.5705,-7.6835,-9.6822,-10.2369
197409,-7.6468,-7.291,-9.7793,-6.7938,-7.7167,-12.0363
197410,8.5011,8.3738,9.1157,16.626,15.3993,17.7718
197411,-5.9602,-5.2036,-6.28,-1.1873,-2.9915,-4.2795
197412,-9.6691,-7.4049,-8.9235,-4.6343,-2.9014,-4.2637
197501,37.7196,30.0408,31.7766,20.7008,20.2405,20.4062
197502,6.882,5.2504,4.2041,4.1747,4.1477,6.9865
197503,9.8088,8.879,12.0141,3.1747,5.1599,7.0144
197504,3.5519,3.1496,4.829,4.1849,4.5338,5.3881
197505,8.9229,8.1066,8.4728,6.7962,5.6895,5.7842
197506,9.6636,7.966,7.603,7.5747,7.1967,5.1122
197507,0.3454,0.4585,-0.0534,-6.0285,-5.5137,-5.7105
197508,-5.741,-5.0978,-5.2353,-3.6171,-2.9792,-2.5832
197509,-3.8919,-2.8252,-3.6684,-4.4791,-4.2229,-3.4311
197510,-0.3391,2.0505,1.6163,5.9268,6.1552,4.7224
197511,1.0771,2.5822,2.0001,4.4874,3.4153,3.2007
197512,-0.104,-0.8384,-0.6037,0.0418,-0.2945,-0.9723
197601,23.3772,19.8373,19.4199,14.5781,14.4332,14.7276
197602,17.7179,11.4824,10.9057,3.1929,1.8663,2.8574
197603,2.8517,1.3269,2.6988,2.8697,1.5143,1.2046
197604,-0.8142,-0.8442,-0.683,-1.3873,-0.894,-1.436
197605,-3.5536,-2.4229,-1.3943,-2.1175,-1.296,-0.4332
197606,2.0925,2.8779,2.6835,5.7075,5.4554,5.0513
197607,-0.1562,1.3058,-0.3264,0.9812,-0.6745,-0.9903
197608,-3.586,-0.6853,-2.0449,-0.5335,-0.2781,-1.7134
197609,0.5405,1.7714,2.497,1.7821,2.9528,2.2373
197610,-3.1064,-1.6313,-2.2832,-2.1562,-2.015,-2.6192
197611,2.0662,2.3491,2.9526,2.6292,2.4482,3.0533
197612,11.7386,9.8269,11.1109,7.2275,7.3781,6.7557
197701,6.3649,4.9183,4.089,-3.0821,-2.9286,-3.1671
197702,0.9011,0.6051,-0.1277,-2.6963,-1.6861,-2.5135
197703,1.205,0.9995,1.1496,0.4113,-0.2188,-0.4508
197704,2.0276,1.9584,1.3402,2.8459,0.9037,0.8661
197705,0.7364,0.2253,0.3564,-1.3868,-0.6619,-0.396
197706,5.918,5.3844,6.1487,4.1557,4.733,6.3474
197707,1.6017,1.7737,1.0311,-2.0003,-1.1243,-1.6358
197708,-0.9484,-0.2535,0.1865,-2.1183,-1.5369,-0.9525
197709,1.027,1.6438,2.1773,-0.6858,-0.1911,0.8497
197710,-2.155,-1.5904,-2.6678,-3.7464,-3.6494,-3.413
197711,7.4068,7.5325,8.1371,5.7465,6.1055,5.7527
197712,1.8798,2.0639,3.6756,0.3299,0.1173,0.9464
197801,0.5379,-0.9031,-1.3455,-4.1047,-4.8827,-6.4445
197802,3.2162,2.7916,3.8638,-1.3595,-0.8534,-0.1631
197803,8.3036,6.8735,7.1278,5.1456,4.542,4.6115
197804,9.0492,7.575,8.5253,6.0545,7.3279,9.6256
197805,9.3639,6.5119,8.556,2.6935,3.0767,4.0555
197806,1.7907,0.8492,0.6775,-0.5806,-0.5232,-1.1501
197807,4.3849,5.1415,6.4769,4.7162,5.8018,6.3943
197808,10.7726,9.4365,11.8028,3.839,4.8534,6.2696
197809,1.5745,0.5542,-0.5061,-0.1999,-1.3971,-1.9139
197810,-20.563,-18.9297,-21.7838,-11.5987,-12.754,-14.2281
197811,3.5012,5.206,6.5596,2.8394,3.2399,4.2892
197812,0.5258,1.5028,2.6939,-0.0607,1.2448,1.6861
197901,11.8502,9.1738,10.424,8.155,5.661,5.5261
197902,-1.4135,-1.6707,-2.8065,-2.4559,-3.2993,-4.1024
197903,8.4552,8.2753,9.4824,7.2346,7.0623,8.0134
197904,3.8657,2.6334,2.7848,-1.406,1.492,1.5099
197905,-0.3817,-1.2945,0.8888,-0.306,-1.0874,-1.9854
197906,5.9797,5.5003,4.5094,6.6106,5.6111,4.5976
197907,1.7782,2.8746,2.6749,2.7072,2.5728,3.0834
197908,7.603,7.7017,8.8406,4.8867,6.8062,7.8527
197909,0.1801,-0.2386,-0.6106,-1.3978,-0.5986,0.2357
197910,-9.775,-9.3174,-10.7573,-8.7251,-8.0854,-8.0031
197911,5.6082,6.1158,8.6867,6.7204,6.1161,8.2079
197912,7.9712,7.0173,7.8156,2.2455,2.8899,4.2689
198001,13.7052,9.1356,9.9532,4.8699,5.1978,5.8947
198002,0.9568,-2.3844,-0.8076,-2.6976,-3.7967,-2.837
198003,-17.8507,-16.0178,-17.849,-11.3903,-10.4488,-11.0571
198004,4.1249,5.2717,5.3376,8.6061,5.3284,5.7393
198005,6.5552,7.1928,8.1657,6.7517,7.8965,7.683
198006,3.4282,4.5256,4.9374,4.3793,3.2132,3.5811
198007,8.8478,10.163,11.7537,3.6428,8.5404,11.3808
198008,7.8983,7.628,8.5662,0.5521,3.6894,3.4699
198009,6.1133,3.6249,5.7879,1.762,3.0775,3.8205
198010,4.5902,4.7015,5.4448,0.0042,1.0001,1.7874
198011,6.202,5.0469,7.8592,3.8584,9.0398,9.7387
198012,-4.1527,-2.8915,-3.5913,-0.4819,-1.5195,-1.8793
198101,1.8846,1.7038,-0.2628,0.6656,-2.5295,-3.8006
198102,0.2338,1.0398,0.4497,1,2.4333,2.6454
198103,7.8401,7.5817,8.4538,8.4035,7.3757,6.5178
198104,3.2066,3.1852,5.3558,-0.6886,0.2479,0.9929
198105,4.0614,2.9814,3.797,2.039,1.1328,2.4805
198106,-1.0324,0.909,-1.2227,1.2622,-1.1056,-1.927
198107,-2.2829,-2.3219,-2.9779,-1.5586,-1.2831,-0.7789
198108,-8.2599,-6.3405,-9.4768,-6.0335,-5.6482,-6.2258
198109,-10.3826,-7.4564,-9.3031,-5.4408,-5.3256,-6.2045
198110,6.4097,6.9583,9.5697,4.4705,6.794,8.7066
198111,-0.6845,2.9882,2.3752,5.8988,3.9353,2.6778
198112,-2.6031,-1.7893,-1.3751,-3.5333,-1.6384,-2.5243
198201,-1.2225,-1.2191,-2.5948,-1.1843,-3.4797,-3.7617
198202,-4.2094,-2.9495,-5.4986,-1.3993,-4.0758,-5.9256
198203,-1.0448,-0.3137,-1.2999,-0.3995,-1.1243,-1.1754
198204,4.4842,5.666,6.8864,3.9409,5.7255,5.1783
198205,-1.7391,-1.818,-2.0849,-4.2302,-4.1086,-3.635
198206,-3.844,-2.4771,-3.5395,-2.0132,-2.6562,-2.4261
198207,-1.8621,-1.1699,-1.3582,-2.9154,-2.3025,-2.3098
198208,4.0817,5.8139,6.0826,14.1397,12.8065,10.0952
198209,2.7001,3.997,3.633,1.544,2.3473,3.2726
198210,11.7253,12.5367,16.847,12.1286,13.2888,14.4889
198211,10.4239,9.7387,10.6015,5.9427,5.5754,6.0776
198212,2.7051,3.0234,2.0496,2.2855,0.6079,0.9073
198301,16.3517,9.1898,9.4314,3.9427,3.6374,2.7407
198302,6.4278,6.1046,5.5627,3.8284,3.6208,3.5175
198303,5.8143,5.4709,4.1043,4.3395,3.825,3.59
198304,8.8625,7.5415,7.6474,6.5747,5.9552,6.3593
198305,12.6498,8.7767,9.1041,2.7011,2.5457,3.8331
198306,6.1772,4.6936,4.5591,0.1226,3.6654,4.5124
198307,-1.7937,-1.2255,-2.1458,-2.6674,-2.6264,-4.2901
198308,-5.0559,-3.0264,-3.1126,0.2804,0.209,-1.3552
198309,-1.8723,1.8141,0.7407,2.9722,3.0831,2.2129
198310,-6.8609,-4.71,-7.285,-2.2505,-2.6232,-4.7786
198311,1.4102,4.7118,4.2761,5.9741,3.6376,4.1278
198312,-3.1155,-1.2207,-1.9998,-2.2124,-1.4018,-1.3386
198401,1.9566,0.2624,-0.7954,-2.3809,-2.2469,-3.7046
198402,-5.5646,-5.3622,-6.8207,-5.6151,-5.4983,-4.5944
198403,0.6137,0.7486,0.3572,2.6037,1.6175,0.9717
198404,-3.2365,-1.1489,-1.4293,-3.9581,0.5016,0.2327
198405,-5.1397,-4.116,-4.2789,-7.5033,-4.4879,-4.506
198406,0.576,2.2237,2.5135,0.9813,2.9257,4.6871
198407,-6.7121,-3.3784,-3.8703,-4.4684,-2.335,-1.3709
198408,7.4393,10.7163,11.0002,13.1759,11.9096,11.7037
198409,-0.7865,0.3836,-0.8042,-0.4188,-0.2579,0.5845
198410,-4.3877,-1.5108,-1.0688,-0.6705,0.1556,0.3381
198411,-5.7741,-2.431,-2.8554,0.0092,-0.5531,-1.3924
198412,-1.0425,1.2047,1.4036,1.6097,2.7956,3.6824
198501,13.5016,12.3792,14.1779,10.464,8.4864,10.0495
198502,6.4823,3.7742,5.0678,-0.0637,1.2628,3.1136
198503,-1.6859,-1.1261,-1.8548,-0.2759,-0.0866,-0.1473
198504,-2.1882,-1.3303,-0.7802,-1.4696,-0.7785,-0.0874
198505,0.358,2.9418,3.6332,4.3487,6.1852,6.3398
198506,0.0523,0.8321,1.2947,1.3348,2.2831,2.2424
198507,1.9639,2.0391,2.4788,0.7257,0.2964,-0.803
198508,-0.9319,-0.6366,-0.9853,-0.4075,-0.1256,-0.5517
198509,-6.9024,-4.6571,-6.223,-5.3552,-3.7435,-4.7568
198510,-0.3282,2.857,2.5192,4.3384,4.6709,5.6644
198511,3.9665,5.8569,6.9054,7.3551,6.8271,7.248
198512,1.9467,3.5819,3.4436,3.3295,4.2096,4.7779
198601,5.2006,2.4235,3.644,3.9732,1.2801,0.9823
198602,5.3612,6.1805,6.9126,7.5455,7.362,8.8833
198603,4.509,5.0144,4.9575,4.741,4.9599,6.8148
198604,1.6526,1.5479,2.5615,-3.5555,-0.5861,0.3217
198605,2.6642,3.9971,3.5814,3.6177,4.9396,6.6388
198606,0.4783,0.595,0.1977,-0.4318,1.634,1.7034
198607,-8.2909,-7.9037,-9.1666,-6.1944,-5.0705,-7.1477
198608,0.4801,2.4252,1.0971,9.0866,7.6228,5.6109
198609,-5.4539,-5.7955,-7.0744,-7.2326,-6.8561,-8.2886
198610,1.9697,2.1348,3.4712,4.7725,5.5944,5.6393
198611,-1.6307,0.2608,-0.7713,0.3228,0.8183,1.2303
198612,-4.4562,-2.5504,-3.7883,-3.0681,-3.0551,-2.7743
198701,11.1816,10.9806,12.2923,12.6256,12.4535,12.5097
198702,9.563,6.1481,8.089,6.4639,4.3164,6.5795
198703,5.2119,3.3039,1.8764,0.1429,1.2557,1.5066
198704,-0.5931,-2.8845,-2.9678,-1.3854,-2.3235,-3.3137
198705,0.9725,0.5206,-0.3773,0.4507,0.1413,0.6642
198706,1.9977,3.1599,2.5478,3.614,4.2945,5.6075
198707,3.8332,3.7053,2.7626,6.2773,4.0696,3.9974
198708,0.0777,2.2964,2.804,2.5881,3.1077,4.446
198709,-1.5275,-1.006,-1.2201,-1.061,-1.7827,-2.7417
198710,-30.1391,-27.2846,-30.0831,-25.474,-21.9968,-24.697
198711,-6.2947,-3.7408,-6.4439,-4.4233,-5.4009,-7.0612
198712,0.4502,5.937,4.275,6.3539,8.5979,9.6574
198801,9.6824,6.0754,6.3944,5.8233,5.1584,5.1142
198802,5.4573,8.5646,8.2777,5.2411,7.054,7.6118
198803,4.6129,4.2911,5.3804,-0.0612,-0.4129,-0.7883
198804,1.956,1.9661,1.304,-0.3302,0.8989,-0.2801
198805,-2.0359,-1.4693,-1.9905,1.4198,0.0737,-0.3073
198806,4.1814,6.5688,6.0125,5.2466,6.0658,7.0263
198807,0.1528,-0.3461,0.0057,-1.0529,-1.7372,-1.9946
198808,-2.838,-1.6016,-1.9414,-1.0814,-1.7966,-2.7631
198809,1.0722,3.341,2.9316,2.5358,3.3376,4.7075
198810,-3.0299,-0.7416,-0.6136,-0.0528,1.545,0.8356
198811,-5.0432,-3.6828,-3.7614,-2.0695,-2.0868,-2.4083
198812,1.8955,3.2541,3.4528,2.094,2.231,2.9936
198901,8.0351,4.9956,4.9609,7.3645,5.6671,6.2388
198902,0.6215,0.8308,1.0538,-0.3491,-0.9472,-0.4289
198903,1.822,2.5789,2.4097,0.9568,1.5776,1.6703
198904,3.0068,3.3775,4.087,4.8578,4.8159,5.4523
198905,2.4821,3.6157,3.8044,4.5995,4.5104,4.1869
198906,-1.7414,-0.8939,-1.4555,-0.4772,0.1481,-1.4287
198907,1.4894,3.485,4.0051,5.7779,7.252,7.3511
198908,0.9524,1.5831,3.0944,2.4846,2.879,3.602
198909,0.7335,0.1742,0.6711,-0.5227,-1.3241,-0.1808
198910,-5.1928,-4.9531,-5.3079,-3.6337,-3.4688,-4.721
198911,-2.4066,0.0085,-0.2773,2.253,1.8851,0.1409
198912,-2.1672,-0.458,-0.3688,2.4602,2.3884,0.6694
199001,-3.7507,-6.6051,-7.9291,-7.6206,-7.5342,-7.625
199002,2.1089,2.376,2.41,1.4819,1.9072,1.8767
199003,3.181,3.4869,3.7296,1.1482,2.2201,2.8363
199004,-1.7884,-2.2497,-1.7828,-6.1339,-4.2623,-3.0761
199005,4.1018,5.1656,6.0185,9.1232,8.2757,9.886
199006,1.7829,1.2939,0.0888,-0.4063,-0.8719,-1.2877
199007,-2.3581,-3.23,-3.6833,-2.9727,-1.4676,-2.8663
199008,-11.5482,-11.917,-14.533,-10.1531,-9.8273,-11.0237
199009,-7.6015,-7.2096,-10.2914,-7.1591,-6.0189,-8.0546
199010,-6.9046,-5.432,-6.0708,-3.8089,-1.8924,-3.1903
199011,1.2896,5.2042,5.8594,10.1008,8.9502,10.0349
199012,-2.4023,1.5743,2.6995,2.9384,4.1401,5.2263
199101,9.98,9.9315,9.6165,5.6151,5.808,8.3928
199102,15.6657,11.6792,13.5168,9.0142,7.7848,9.3181
199103,10.2678,7.3451,9.5065,3.7681,2.7582,3.9667
199104,5.0972,1.8909,2.2581,-1.1143,0.9809,1.4723
199105,2.6141,2.8309,4.7039,3.3786,5.0624,4.4329
199106,-3.1541,-3.7495,-3.9489,-5.858,-4.455,-4.2801
199107,3.793,2.6853,3.4571,3.6864,4.889,5.2533
199108,3.7522,2.9845,3.379,1.8542,2.5177,3.8832
199109,1.2677,1.4338,0.8082,0.0763,-0.9423,-1.615
199110,3.1591,2.7062,2.6106,4.2674,1.3679,1.1277
199111,-1.6,-2.3005,-3.8151,-2.508,-4.0627,-4.2884
199112,1.3264,4.6849,5.9563,9.2467,10.7408,11.5565
199201,23.914,11.5353,13.8601,2.0896,1.114,2.3721
199202,6.9293,4.475,5.6125,2.2166,2.0366,2.3545
199203,-0.0112,-1.314,-2.5317,-2.5177,-2.0056,-2.6481
199204,-5.719,-3.1267,-4.6568,-0.1814,0.8503,0.7065
199205,0.463,0.4472,-0.7738,0.9763,0.974,0.8697
199206,-5.6023,-3.6188,-5.4403,-1.4996,-2.1376,-2.3925
199207,1.0627,2.2048,3.8999,4.1194,4.938,3.9879
199208,-3.8105,-2.2852,-1.5708,-3.7628,-2.0996,-1.7029
199209,0.4584,2.4494,1.7451,1.766,1.9197,1.6399
199210,1.8366,2.2091,3.2032,2.9723,1.2869,3.2935
199211,8.1807,8.0223,8.8133,5.337,3.7911,6.1268
199212,3.7613,4.5087,3.6832,4.0943,2.1581,2.4798
199301,8.0829,5.7719,6.8189,2.8814,2.3658,1.187
199302,-1.6405,-1.7738,-2.4343,0.3871,1.2788,-1.29
199303,2.5649,2.6151,2.1792,3.6204,3.5032,2.7857
199304,-1.1925,-2.2841,-3.3889,-0.7689,-1.9631,-3.9562
199305,5.8354,4.5784,3.4646,4.5949,2.6513,3.5668
199306,2.3737,0.3073,0.8918,1.4055,0.3432,0.2316
199307,0.813,1.636,0.3127,1.1024,0.5965,-0.9286
199308,4.1672,3.9291,4.1971,6.3941,3.5083,4.0717
199309,3.4383,2.863,3.0735,-0.4825,0.7423,0.8487
199310,5.2499,3.0062,5.4785,0.3626,1.0509,0.6374
199311,-3.0369,-1.5494,-2.1974,-3.2032,-1.9412,-1.6721
199312,-0.6553,2.2635,2.0141,2.826,3.9725,2.7925
199401,7.3532,3.339,4.0495,3.835,2.3943,3.2878
199402,-1.0885,0.9336,0.0129,-3.4213,-1.7373,-0.7384
199403,-4.7743,-4.0294,-5.2892,-4.8091,-4.5926,-3.9901
199404,-3.0827,-0.3758,-0.8,0.269,0.9683,0.6684
199405,-0.3756,-0.5117,-0.7223,-1.1637,-0.4563,1.5715
199406,-4.5616,-2.1716,-3.4952,-2.1322,-1.7103,-3.823
199407,0.7652,1.2013,1.718,4.7275,3.3978,2.8274
199408,3.4303,4.0597,4.3596,5.6965,4.6741,5.0548
199409,1.3997,1.4637,1.2174,-1.8473,-2.3254,-1.8618
199410,-0.6245,0.3694,0.7275,0.1922,1.3366,1.4912
199411,-4.6625,-3.0741,-3.718,-5.1089,-4.098,-4.3495
199412,-3.6605,0.0665,-0.8814,2.0654,1.5967,0.9837
199501,4.4249,2.2699,3.155,0.657,1.6226,2.724
199502,2.3657,3.4242,3.038,4.3708,4.6558,5.3807
199503,1.8992,1.3113,1.5314,2.4151,2.4875,2.4507
199504,2.7754,2.3056,2.2142,2.2903,1.4987,1.5866
199505,1.9862,1.3576,1.8842,1.6301,3.4338,3.4714
199506,6.9572,4.678,5.0466,4.2048,3.0875,3.2232
199507,5.6692,5.6159,7.645,5.868,4.3923,5.3257
199508,5.1499,2.5331,2.9556,1.8125,1.0944,1.3341
199509,3.3762,1.9125,2.3897,1.726,2.7343,2.915
199510,-5.7928,-3.8381,-4.3957,-1.744,-2.4629,-1.3702
199511,-0.0138,2.1814,2.5025,5.208,5.195,4.7054
199512,0.4834,0.8152,0.4873,0.6802,1.346,0.2075
199601,5.0492,1.3599,0.6797,1.4366,1.7046,1.5633
199602,4.8519,2.5374,3.5816,1.6792,2.2808,3.452
199603,3.0263,3.1368,3.0993,1.2699,1.837,1.8598
199604,7.2305,5.4017,6.8194,3.7942,2.4313,3.7215
199605,9.6259,6.0197,5.9111,1.0125,1.4423,2.1732
199606,-4.3698,-2.33,-2.6271,-4.1545,-0.8052,-1.9898
199607,-10.244,-6.4724,-8.3862,-8.7734,-6.0158,-5.8351
199608,4.1199,5.0447,5.3735,5.8309,4.6553,4.8322
199609,1.9941,3.3838,3.0313,4.3855,4.6584,5.7983
199610,-3.9744,-0.3825,-0.9231,-0.6424,0.4637,-0.4561
199611,0.7945,3.965,2.4057,5.0506,5.6016,7.2415
199612,-2.28,1.5542,1.947,-0.5709,-0.678,-1.0648
199701,9.2965,4.6423,5.0459,2.7437,3.0365,3.2327
199702,-2.0536,-0.3859,-1.9951,-1.558,0.0525,-0.1383
199703,-6.3084,-3.2696,-3.666,-5.9163,-4.3187,-4.4895
199704,-3.8712,-1.5036,-2.1585,1.2891,1.7796,3.5863
199705,8.535,9.4868,10.6302,12.0824,8.17,9.285
199706,3.8145,5.1773,5.1185,4.0246,3.3847,4.0606
199707,3.993,5.7469,5.3725,6.8381,7.3582,7.8279
199708,4.6817,3.6401,4.2128,0.2156,-1.0712,-1.57
199709,9.5155,8.6069,8.5494,6.2905,5.5628,5.6481
199710,-1.874,-0.9463,-2.1657,-5.5307,-3.0929,-3.8646
199711,-4.1821,-0.2707,-1.4644,-0.1051,2.2237,2.7463
199712,-6.8295,0.3701,-0.5243,1.411,3.5993,1.3519
199801,2.8838,-0.0722,0.3568,0.3217,-2.4499,-0.0235
199802,5.9541,6.2506,6.4444,9.0995,7.5637,8.397
199803,5.2764,4.8224,3.9779,5.7539,4.5387,4.2934
199804,3.18,3.1427,2.351,1.1335,0.3257,0.6845
199805,-4.3301,-4.3525,-5.6213,-5.3597,-3.5881,-3.6208
199806,-4.2064,-1.9285,-1.9893,0.932,-0.6004,0.9698
199807,-5.9109,-6.2808,-5.8546,-5.828,-5.4214,-4.5616
199808,-22.1964,-17.7322,-19.46,-19.1271,-16.4516,-17.8003
199809,3.5247,3.3437,2.7781,9.6456,6.5798,5.0657
199810,2.5488,3.4405,3.6122,6.0229,8.0085,8.9589
199811,10.6464,5.1796,6.0535,6.2152,4.2212,6.1422
199812,1.6859,1.7007,2.9102,8.3722,5.1362,4.9604
199901,11.5988,3.3047,5.0295,2.5913,-2.5482,-0.2737
199902,-5.0453,-5.2887,-6.1987,-4.4358,-4.2037,-3.1042
199903,-2.0129,-3.1076,-2.2387,5.356,1.326,2.1332
199904,8.7753,7.908,8.9973,10.6547,8.9048,8.0971
199905,4.6738,3.7321,3.5252,2.1464,2.6655,0.4941
199906,3.9116,4.4435,3.8346,4.0099,3.4783,4.0099
199907,2.5456,-0.0842,1.249,-2.3019,-2.5353,-2.7248
199908,-3.3096,-3.6616,-3.4785,-1.325,-3.5,-4.5658
199909,-1.401,-2.2385,-2.6605,-0.4193,-2.4191,-2.8747
199910,-0.5974,-2.0406,-3.0152,6.2971,3.0089,3.5112
199911,14.5178,4.5137,6.3336,6.4128,0.9823,2.5277
199912,12.4449,3.578,5.0799,10.4568,3.6561,4.4703
200001,13.2316,0.8557,0.6829,-3.403,-3.8405,-6.8556
200002,23.5157,6.089,4.6363,7.8542,-0.8881,-3.04
200003,-2.8481,0.7164,2.0171,6.0498,12.845,12.2952
200004,-13.6353,-2.9219,-5.7631,-4.4284,0.4062,-1.2015
200005,-8.8329,-3.1978,-4.5638,-2.6611,0.1551,0.9333
200006,11.5749,4.8893,4.3702,3.7646,-0.9512,0.1901
200007,-4.1258,0.8712,1.4564,-7.2611,0.8999,1.0193
200008,6.1649,4.7082,5.6574,11.5622,8.951,7.4402
200009,-5.6276,-1.2926,-2.4429,-9.051,-1.1406,-0.3992
200010,-9.2055,-3.327,-3.8421,-9.7446,-0.995,2.485
200011,-16.4066,-4.8082,-6.1515,-21.9805,-5.4483,-3.3207
200012,-7.0767,2.6403,3.6016,3.0106,8.6728,6.9738
200101,36.6911,14.5958,17.7886,19.8298,5.9656,4.2501
200102,-9.3311,-1.3174,-1.4113,-19.491,-6.3067,-3.1651
200103,-8.5329,-2.153,-2.0931,-14.4084,-5.2788,-5.8264
200104,7.2808,4.3862,5.881,16.1734,11.3683,6.907
200105,8.543,6.5728,7.4836,2.1475,2.7114,3.4343
200106,0.7183,4.3535,3.7365,-0.9323,0.0636,-0.5072
200107,-5.2225,0.7545,-0.6025,-9.6924,-0.1078,0.5429
200108,-5.058,-0.5283,-1.9228,-9.5979,-3.3396,-3.6572
200109,-14.5001,-9.9726,-13.2349,-18.7959,-11.4728,-10.9104
200110,10.4455,3.8275,5.6074,14.6389,4.629,4.5107
200111,9.1992,5.5353,6.2699,13.2708,8.6475,8.3618
200112,7.1987,6.1397,6.6871,3.3527,5.144,4.6622
200201,2.8439,2.9347,2.6324,-6.4635,-0.1363,0.4296
200202,-6.4386,0.1366,-1.2902,-8.7636,-0.5937,-0.0713
200203,8.2685,7.9702,10.374,8.6808,7.3128,6.6247
200204,-1.8,5.3183,3.7447,-8.8614,-1.464,-2.0096
200205,-2.9851,-0.968,-1.9361,-7.244,-0.7706,-0.9474
200206,-8.4205,-2.1812,-4.6898,-13.8653,-7.3168,-7.6132
200207,-13.5604,-10.8776,-11.5292,-10.9461,-9.1966,-9.3582
200208,-0.3633,0.8617,0.7586,0.2228,0.8981,1.5036
200209,-10.8801,-4.7936,-5.8363,-13.2622,-9.5683,-8.6824
200210,6.7505,2.271,1.0186,9.973,5.1954,3.8138
200211,18.1187,7.0846,7.772,15.2202,7.0462,6.9472
200212,-7.9149,-1.6848,-1.2228,-8.905,-3.5176,-3.152
200301,1.5635,-0.5957,-0.9181,-1.4924,-3.1614,-2.5843
200302,-3.0717,-1.9261,-2.3813,-3.2319,-1.5669,-2.7261
200303,1.1936,0.6558,1.3877,0.3328,0.5854,1.7994
200304,12.0791,7.6332,7.7888,11.4759,8.6434,8.7915
200305,20.3377,8.0944,9.1722,11.9543,8.7215,8.2549
200306,6.8006,3.8266,5.9969,1.0979,1.1321,1.2787
200307,9.6323,6.4483,6.9116,3.5982,3.3492,2.5832
200308,6.5029,4.1368,3.0692,6.3337,3.8684,3.3647
200309,4.9379,0.5801,1.3155,-2.1841,-1.3373,-1.0006
200310,9.9514,7.4389,8.3771,9.1637,7.7685,6.3797
200311,4.248,4.1206,4.0957,2.4764,2.7384,2.6352
200312,3.3932,3.6803,4.2678,4.2824,3.9462,2.8175
200401,10.9736,3.3942,4.5813,4.6262,2.0011,1.3331
200402,-0.2883,1.5606,3.7422,0.8885,2.7993,3.2878
200403,-0.2182,1.1182,2.0261,-1.4109,-0.4668,0.5682
200404,-3.8621,-2.5182,-2.3867,-5.1537,-1.9218,-1.5645
200405,-0.4953,0.1189,-0.2482,3.168,1.7412,1.1162
200406,1.7795,3.9887,4.0531,2.3122,2.1625,2.4223
200407,-9.0357,-3.8045,-3.9602,-7.4299,-4.2946,-3.173
200408,-2.0761,-0.5474,-1.4997,-2.5736,0.2727,-0.0831
200409,4.0839,4.2847,4.6293,4.5199,2.6253,2.9508
200410,1.5905,2.2837,2.3789,3.4385,2.7287,1.4877
200411,10.0682,8.2462,9.5285,7.6494,5.8448,5.6179
200412,8.3624,4.1901,3.911,4.5663,3.9766,3.8895
200501,-4.7008,-2.5911,-2.0017,-5.0799,-1.888,-1.7291
200502,0.5069,1.1288,1.8739,2.3496,2.2032,2.5502
200503,-4.5804,-1.0448,-2.1247,-2.4161,-0.7161,-0.7922
200504,-6.999,-4.8177,-5.8384,-4.189,-3.03,-3.3556
200505,4.9327,5.1023,5.3264,6.6124,4.9195,4.733
200506,3.4604,3.3547,4.716,1.0895,2.1324,2.2848
200507,7.5765,6.3162,6.8222,5.9863,5.1992,4.5248
200508,-0.8095,-0.9957,-2.6946,-0.9698,-0.9863,-0.9395
200509,0.9195,0.1989,0.3288,1.6409,0.4795,0.6198
200510,-3.9062,-2.0438,-3.0186,-2.0046,-2.6162,-2.0842
200511,2.9012,3.7502,4.9039,4.1848,4.4403,4.6099
200512,0.9363,-0.1091,1.8851,1.2899,0.7641,0.7889
200601,10.1866,6.5258,7.7407,4.8445,4.0484,4.0568
200602,0.8838,0.3307,0.0659,-0.3703,0.2299,0.2253
200603,4.9165,4.1554,4.7849,2.154,2.1813,1.9817
200604,0.0717,0.8698,1.8444,1.2786,0.9603,0.8459
200605,-6.6306,-3.1623,-3.6929,-3.0313,-2.8634,-3.5484
200606,-1.5445,0.2719,0.134,-0.6499,-0.7295,0.1774
200607,-4.7294,-2.1808,-2.1153,-3.4218,-2.1715,-2.1441
200608,2.6459,1.6158,1.6712,3.6759,2.0929,1.364
200609,-0.0717,1.6123,1.5912,1.6514,1.8881,2.2888
200610,5.0019,4.9903,6.2047,3.8735,3.6528,4.1129
200611,2.779,2.0989,2.3068,3.89,3.036,3.2293
200612,1.5612,1.5383,0.8457,0.6663,0.7276,-0.1616
200701,2.8604,0.8085,2.1527,2.771,2.4609,3.6142
200702,0.6002,-0.0568,-0.4138,0.7596,-0.0084,-0.3008
200703,-0.1125,0.4866,0.6433,0.9437,1.3826,1.0564
200704,2.4393,0.6596,2.0681,3.9841,3.3767,4.8085
200705,0.8564,3.4084,3.5952,3.5999,4.0889,4.3567
200706,-0.359,-0.7438,0.2394,-1.3979,-1.6797,-1.6446
200707,-4.6673,-5.8091,-6.5784,-4.1097,-4.1674,-3.4864
200708,-2.0042,1.0104,-2.359,-0.2434,0.1144,-0.0505
200709,1.56,0.8493,0.278,3.3246,2.5408,3.2163
200710,1.0609,0.189,0.766,1.5075,1.7906,2.2654
200711,-10.1222,-6.546,-9.5195,-6.9249,-5.0097,-4.4613
200712,-1.9384,-1.1856,-0.4593,-2.4116,-1.1332,-0.6841
200801,-5.971,-3.5098,-4.5748,-5.9824,-4.267,-4.9672
200802,-2.9418,-3.0173,-2.4696,-3.4335,-3.5513,-1.0836
200803,-3.6408,-0.0259,-1.63,-1.7365,-2.2876,-1.9948
200804,0.9318,2.1811,2.5667,5.8939,6.6495,5.4047
200805,3.4192,3.0518,4.171,4.0543,2.9744,3.6925
200806,-8.7993,-9.8704,-10.0409,-12.9184,-10.3874,-8.5058
200807,0.0646,3.943,2.2524,-1.2489,-0.6905,-2.176
200808,1.6403,3.7148,4.9343,1.5882,1.4603,1.9895
200809,-12.2669,-6.8859,-10.5934,-13.8707,-11.1028,-12.2211
200810,-22.0405,-18.4401,-23.1706,-22.4055,-21.2838,-20.356
200811,-15.7525,-14.4055,-14.5437,-13.0313,-8.2172,-10.1039
200812,1.8101,3.709,4.3329,5.096,3.9996,4.2905
200901,0.2222,-10.1551,-7.9216,-6.2575,-8.1239,-5.304
200902,-11.4432,-13.5963,-12.1132,-13.0043,-11.7344,-9.3754
200903,13.3633,12.0835,13.8603,13.7943,9.9517,9.2651
200904,21.0316,21.7799,27.5278,22.8353,19.5535,18.4603
200905,12.0189,7.0487,8.1352,8.0374,6.6794,6.7993
200906,6.0219,2.2582,2.5393,-0.65,0.2688,-0.7893
200907,7.8406,9.5835,11.6905,7.9997,9.2005,8.6962
200908,7.8331,4.0067,6.7948,7.0278,2.7977,3.0103
200909,7.6878,5.7101,8.82,5.2594,6.0056,6.0449
200910,-8.177,-5.2286,-5.4042,-6.6903,-3.5844,-2.4242
200911,0.942,0.8633,1.9062,4.4138,4.6729,5.2774
200912,6.775,6.7707,8.1132,5.5827,5.8156,4.7438
201001,1.231,-1.8553,-2.046,-1.6766,-3.4311,-4.0906
201002,3.6183,3.3358,4.6758,4.1554,3.8169,4.9119
201003,7.9772,7.9123,8.6909,7.0436,7.3404,7.0408
201004,9.9372,6.7577,8.2975,4.0123,3.2802,2.8666
201005,-8.9786,-7.0811,-7.5694,-7.6488,-6.959,-7.3704
201006,-8.6239,-7.1547,-8.1583,-6.3197,-5.8398,-5.9642
201007,4.9897,5.5332,5.9695,7.1448,7.1345,7.0316
201008,-7.1836,-7.1274,-8.4432,-5.6562,-4.8203,-4.2891
201009,10.7833,10.1245,11.6229,11.4974,10.5349,11.1191
201010,4.5253,4.2889,4.819,2.9414,3.5947,3.707
201011,1.6033,3.072,2.6879,2.327,1.8118,2.1305
201012,10.0162,7.049,7.3367,9.6344,6.8442,5.8887
201101,3.0557,0.6178,-0.5031,3.2458,2.6304,1.2083
201102,4.2072,4.294,3.6397,5.159,3.5547,4.0902
201103,0.6648,1.3979,0.7124,0.1722,2.269,2.3125
201104,0.7385,1.2691,0.6406,2.1421,3.2926,3.6919
201105,-2.1882,-2.4426,-2.9546,-2.1185,-0.7858,-0.0683
201106,-3.453,-1.4083,-2.1494,-3.181,-1.7182,-1.1009
201107,-2.3459,-1.565,-2.3771,-4.4686,-3.5461,-2.8912
201108,-10.7879,-8.3205,-9.3561,-8.9682,-6.8881,-6.5
201109,-11.3226,-9.8709,-11.015,-11.175,-9.9047,-9.5257
201110,10.5565,12.3812,13.0015,16.3488,14.0883,13.9246
201111,-2.8487,-0.4556,-1.5425,-0.6048,0.1708,-0.2982
201112,-0.1739,0.8046,0.6191,-0.9436,0.076,-0.4854
201201,10.5726,7.9012,8.6626,7.8544,5.7874,7.3604
201202,4.2514,3.038,2.755,5.7543,4.2816,4.3002
201203,3.9154,3.4601,2.5869,1.8889,1.6215,1.6608
201204,-1.8842,-0.8417,-1.3416,-1.9498,-0.7779,-0.8738
201205,-7.0001,-6.2106,-6.7412,-8.6533,-7.8115,-7.0258
201206,3.7808,4.2314,4.9508,3.4773,2.2883,2.526
201207,-1.1791,-0.8672,-1.8185,-1.6659,0.6412,-0.6531
201208,2.2074,2.9396,2.5699,5.3383,2.9467,3.2363
201209,4.5637,3.9288,3.5532,3.2211,2.2688,2.055
201210,-3.2043,-0.5937,-2.0477,-0.3282,-1.3711,-0.6017
201211,-0.3305,0.8936,-0.4092,1.4951,1.5925,2.5665
201212,2.4749,2.4919,3.4314,3.1638,2.5244,1.9839
201301,8.1589,6.6207,6.6422,7.1328,6.7449,6.8509
201302,1.0186,0.9589,1.4987,1.0187,1.0649,1.7912
201303,3.9272,4.2208,5.7881,5.1994,4.0654,4.7932
201304,-0.5526,-0.8689,0.0728,1.0186,0.5739,0.7818
201305,5.2981,4.8045,5.344,3.9748,3.2565,3.2645
201306,-0.2767,0.1833,0.44,-1.9547,-0.9858,-1.3439
201307,7.4861,7.1031,7.8136,7.0413,6.4825,6.497
201308,-1.6824,-2.5585,-2.2476,-2.8643,-2.3792,-2.4154
201309,6.2482,5.3273,6.3646,5.5828,4.6437,4.7268
201310,0.8455,4.363,4.0707,2.5837,3.56,4.5323
201311,4.9004,4.4001,5.2444,3.244,1.9422,2.8196
201312,3.3442,1.4628,2.0722,3.7929,3.2014,2.5746
201401,3.3644,-2.5967,-4.0502,-0.7649,-2.4228,-4.2891
201402,4.7064,3.4853,4.1393,5.1809,5.2348,5.7705
201403,-0.9502,1.9038,1.6478,-0.6615,0.8675,0.1201
201404,-6.1213,-3.2277,-1.9316,-2.1402,-0.8563,-0.0753
201405,-1.1865,0.3091,-0.2062,1.9259,1.3904,2.2729
201406,5.3249,3.513,4.0761,5.9563,3.6695,2.5462
201407,-5.5484,-4.7134,-5.1578,-4.579,-3.722,-2.4018
201408,3.9273,3.5098,4.8576,6.515,4.4439,4.731
201409,-5.4727,-4.6214,-5.1322,-4.2835,-3.2997,-3.4777
201410,2.0525,5.7684,3.7815,1.7447,2.9797,2.2962
201411,-1.0271,-0.9084,0.1799,0.9684,1.3826,2.1089
201412,2.604,2.525,2.5349,-0.8384,0.843,-0.3934
201501,-3.0164,-4.7032,-4.7032,-2.6382,-2.8243,-2.8634
201502,6.8491,5.7865,5.707,9.3575,6.4688,7.1646
201503,-0.5968,1.2302,1.4595,-0.7337,-0.0919,-0.6423
201504,0.4229,-0.6146,0.6059,0.4565,0.4712,0.4955
201505,0.9103,0.5891,-0.2716,2.9452,1.3659,-0.2797
201506,-0.19,1.5413,0.8041,-1.6945,-2.0283,-1.7099
201507,-4.7297,-2.4401,-4.3907,0.6605,0.0276,0.5842
201508,-4.0292,-3.301,-5.3081,-6.6691,-5.1177,-5.5649
201509,-6.7555,-3.6841,-6.3941,-5.9621,-3.9172,-4.2924
201510,4.2541,5.4287,5.8445,5.6415,6.5482,6.8128
201511,3.466,2.8184,0.2352,1.7415,0.4764,-0.1244
201512,-5.0859,-4.392,-6.2791,-3.2079,-3.3622,-3.9352
201601,-10.9862,-6.8336,-10.8719,-12.6804,-6.2553,-6.2288
201602,-0.8597,0.8362,2.2362,-0.4413,1.4677,1.7455
201603,7.4282,7.8561,10.4187,8.0383,8.981,8.7711
201604,4.3282,4.3327,3.5824,3.8229,2.0525,2.0364
201605,0.3213,-0.1015,-0.2093,3.0037,1.6283,1.0668
201606,-0.0527,0.0945,0.1819,-2.8284,-0.9629,-0.5204
201607,6.4465,5.3607,6.4894,5.2803,3.5861,5.0123
201608,2.936,2.0807,2.756,1.2509,0.4606,0.6648
201609,4.014,1.5262,0.7857,1.8446,0.4203,-0.4986
201610,-8.2329,-3.1091,-4.9009,-4.7234,-1.4197,-2.5423
201611,7.7658,13.1154,12.4839,9.1588,6.7494,5.7386
201612,0.6981,5.6395,3.5693,-0.5993,1.9112,1.1796
201701,2.5336,-0.6255,-0.6419,3.577,2.3261,2.1384
201702,2.234,0.8855,0.4501,2.6253,2.9456,3.1833
201703,1.5794,0.0163,-0.1989,-0.3385,-0.1318,0.3289
201704,-0.7909,1.4105,2.598,0.0376,1.0664,1.2581
201705,-3.4072,-2.1066,-1.8377,-0.6563,0.8205,0.2287
201706,5.5966,3.5017,2.3529,2.1347,1.9881,1.2427
201707,-1.3285,0.1732,-0.6689,2.6351,1.4417,1.01
201708,-1.8566,-2.5031,-2.9266,-0.7986,-0.13,-0.6625
201709,9.8638,7.6979,6.7172,4.0636,3.5342,3.1545
201710,-0.7943,0.6256,0.4948,2.0152,2.4857,0.9861
201711,2.8091,3.2873,5.7703,3.3752,3.0552,4.8426
201712,1.9402,-0.754,1.1373,1.7669,-0.2177,2.0267
201801,3.0702,1.3651,1.2558,4.5003,4.3154,4.6668
201802,-3.7704,-3.9742,-3.7838,-4.2613,-3.572,-4.3259
201803,0.7535,2.3683,2.1742,-0.1749,-0.2494,-0.8542
